Registered Voters,Ballots Cast,Turnout,
"1,497,292","1,105,998",73.87%,
,,,
Ward 1,,,
Precinct,Registered Voters,Ballots Cast,Turnout
1,835,545,65.27%
2,825,585,70.91%
3,587,465,79.22%
4,678,483,71.24%
5,796,617,77.51%
6,646,468,72.45%
7,707,478,67.61%
8,752,560,74.47%
9,578,405,70.07%
10,792,606,76.52%
11,591,439,74.28%
12,821,683,83.19%
13,858,596,69.46%
14,599,458,76.46%
15,624,373,59.78%
16,308,204,66.23%
17,562,431,76.69%
18,640,461,72.03%
19,492,324,65.85%
20,671,506,75.41%
21,555,426,76.76%
22,656,412,62.80%
23,560,419,74.82%
24,798,617,77.32%
25,645,434,67.29%
26,688,525,76.31%
27,564,368,65.25%
28,519,323,62.24%
29,676,515,76.18%
30,912,672,73.68%
31,883,740,83.81%
32,728,489,67.17%
33,722,518,71.75%
34,556,375,67.45%
35,607,507,83.53%
36,721,543,75.31%
37,676,464,68.64%
38,453,313,69.09%
39,744,520,69.89%
40,397,250,62.97%
41,626,412,65.81%
42,602,454,75.42%
43,651,408,62.67%
44,598,423,70.74%
45,764,500,65.45%
46,699,520,74.39%
47,708,542,76.55%
48,450,325,72.22%
49,483,364,75.36%
50,605,421,69.59%
Total,"32,608","23,486",72.03%
,,,
Ward 2,,,
Precinct,Registered Voters,Ballots Cast,Turnout
1,1173,993,84.65%
2,347,217,62.54%
3,1079,745,69.05%
4,619,481,77.71%
5,734,534,72.75%
6,1112,891,80.13%
7,618,533,86.25%
8,827,685,82.83%
9,591,531,89.85%
10,488,409,83.81%
11,691,613,88.71%
12,1153,888,77.02%
13,797,587,73.65%
14,543,482,88.77%
15,416,335,80.53%
16,1217,977,80.28%
17,665,469,70.53%
18,591,492,83.25%
19,875,769,87.89%
20,675,537,79.56%
21,600,477,79.50%
22,789,666,84.41%
23,468,366,78.21%
24,1001,711,71.03%
25,974,762,78.23%
26,620,521,84.03%
27,586,418,71.33%
28,693,455,65.66%
29,444,319,71.85%
30,866,729,84.18%
31,572,440,76.92%
32,504,388,76.98%
33,671,343,51.12%
34,508,381,75.00%
35,592,233,39.36%
36,955,812,85.03%
37,538,461,85.69%
38,903,809,89.59%
39,786,606,77.10%
40,1430,1164,81.40%
41,451,325,72.06%
42,287,251,87.46%
43,683,554,81.11%
44,438,324,73.97%
45,847,550,64.94%
46,689,533,77.36%
47,537,343,63.87%
48,490,325,66.33%
49,601,430,71.55%
50,516,386,74.81%
51,555,419,75.50%
52,909,653,71.84%
53,880,686,77.95%
54,795,698,87.80%
55,350,301,86.00%
56,568,401,70.60%
Total,"39,307","30,408",77.36%
,,,
Ward 3,,,
Precinct,Registered Voters,Ballots Cast,Turnout
1,585,432,73.85%
2,618,506,81.88%
3,685,589,85.99%
4,459,333,72.55%
5,551,361,65.52%
6,627,403,64.27%
7,555,418,75.32%
8,728,546,75.00%
9,505,396,78.42%
10,313,202,64.54%
11,603,458,75.95%
12,595,424,71.26%
13,488,262,53.69%
14,346,267,77.17%
15,741,512,69.10%
16,439,330,75.17%
17,356,265,74.44%
18,347,230,66.28%
19,290,140,48.28%
20,432,351,81.25%
21,395,264,66.84%
22,340,246,72.35%
23,659,485,73.60%
24,716,555,77.51%
25,474,335,70.68%
26,251,187,74.50%
27,649,428,65.95%
28,1088,979,89.98%
29,398,374,93.97%
30,442,318,71.95%
31,707,580,82.04%
32,494,397,80.36%
33,823,600,72.90%
34,413,334,80.87%
35,564,444,78.72%
36,285,177,62.11%
37,249,169,67.87%
38,635,511,80.47%
39,569,422,74.17%
40,499,373,74.75%
41,581,366,62.99%
42,603,459,76.12%
43,274,152,55.47%
44,319,192,60.19%
45,747,575,76.97%
46,189,121,64.02%
47,415,269,64.82%
48,494,323,65.38%
49,205,163,79.51%
50,492,335,68.09%
Total,"25,232","18,558",73.55%
,,,
Ward 4,,,
Precinct,Registered Voters,Ballots Cast,Turnout
1,912,776,85.09%
2,771,668,86.64%
3,774,643,83.07%
4,778,581,74.68%
5,740,585,79.05%
6,190,154,81.05%
7,782,581,74.30%
8,796,588,73.87%
9,833,708,84.99%
10,702,590,84.05%
11,612,563,91.99%
12,401,290,72.32%
13,437,360,82.38%
14,649,477,73.50%
15,536,416,77.61%
16,860,640,74.42%
17,659,526,79.82%
18,708,552,77.97%
19,696,573,82.33%
20,420,368,87.62%
21,718,571,79.53%
22,674,565,83.83%
23,474,378,79.75%
24,698,539,77.22%
25,516,412,79.84%
26,714,591,82.77%
27,539,443,82.19%
28,428,337,78.74%
29,468,408,87.18%
30,465,413,88.82%
31,386,349,90.41%
32,628,520,82.80%
33,497,428,86.12%
34,458,367,80.13%
35,499,385,77.15%
36,444,365,82.21%
37,231,101,43.72%
38,815,687,84.29%
39,438,373,85.16%
40,718,556,77.44%
41,391,280,71.61%
42,602,540,89.70%
43,382,334,87.43%
44,386,338,87.56%
45,754,631,83.69%
46,474,384,81.01%
47,931,726,77.98%
48,612,516,84.31%
49,551,367,66.61%
50,608,473,77.80%
51,523,471,90.06%
52,726,575,79.20%
Total,"31,004","25,062",80.83%
,,,
Ward 5,,,
Precinct,Registered Voters,Ballots Cast,Turnout
1,773,572,74.00%
2,659,463,70.26%
3,345,261,75.65%
4,407,317,77.89%
5,687,504,73.36%
6,757,565,74.64%
7,674,500,74.18%
8,651,554,85.10%
9,595,463,77.82%
10,599,459,76.63%
11,480,410,85.42%
12,528,345,65.34%
13,577,457,79.20%
14,690,567,82.17%
15,490,382,77.96%
16,572,408,71.33%
17,693,544,78.50%
18,641,496,77.38%
19,406,292,71.92%
20,490,317,64.69%
21,703,513,72.97%
22,533,448,84.05%
23,543,346,63.72%
24,365,314,86.03%
25,795,570,71.70%
26,700,568,81.14%
27,984,684,69.51%
28,606,481,79.37%
29,582,464,79.73%
30,498,410,82.33%
31,635,516,81.26%
32,749,632,84.38%
33,354,271,76.55%
34,698,535,76.65%
35,479,393,82.05%
36,515,349,67.77%
37,453,373,82.34%
38,530,424,80.00%
39,657,529,80.52%
40,816,606,74.26%
41,526,420,79.85%
42,754,565,74.93%
43,576,454,78.82%
44,734,570,77.66%
45,397,276,69.52%
46,711,535,75.25%
47,582,470,80.76%
48,378,315,83.33%
49,153,108,70.59%
50,646,421,65.17%
51,522,382,73.18%
52,150,119,79.33%
53,570,471,82.63%
54,810,605,74.69%
55,504,418,82.94%
Total,"31,922","24,431",76.53%
,,,
Ward 6,,,
Precinct,Registered Voters,Ballots Cast,Turnout
1,609,488,80.13%
2,634,494,77.92%
3,635,508,80.00%
4,712,489,68.68%
5,544,335,61.58%
6,479,375,78.29%
7,750,550,73.33%
8,677,545,80.50%
9,601,415,69.05%
10,620,539,86.94%
11,589,451,76.57%
12,728,504,69.23%
13,628,427,67.99%
14,760,553,72.76%
15,726,463,63.77%
16,693,494,71.28%
17,627,494,78.79%
18,612,361,58.99%
19,723,553,76.49%
20,690,490,71.01%
21,564,436,77.30%
22,625,459,73.44%
23,544,404,74.26%
24,667,488,73.16%
25,477,370,77.57%
26,776,526,67.78%
27,761,563,73.98%
28,904,694,76.77%
29,637,499,78.34%
30,709,479,67.56%
31,689,508,73.73%
32,748,566,75.67%
33,788,589,74.75%
34,583,441,75.64%
35,593,400,67.45%
36,497,339,68.21%
37,605,470,77.69%
38,736,538,73.10%
39,661,498,75.34%
40,473,323,68.29%
41,581,450,77.45%
42,545,372,68.26%
43,702,514,73.22%
44,642,472,73.52%
45,521,391,75.05%
46,525,434,82.67%
47,613,479,78.14%
48,640,448,70.00%
49,766,545,71.15%
50,603,445,73.80%
51,444,344,77.48%
52,552,371,67.21%
53,573,446,77.84%
54,659,491,74.51%
55,608,477,78.45%
56,489,343,70.14%
57,408,300,73.53%
58,590,458,77.63%
59,530,415,78.30%
60,400,302,75.50%
61,431,310,71.93%
62,683,486,71.16%
63,556,444,79.86%
64,631,467,74.01%
Total,"39,766","29,322",73.74%
,,,
Ward 7,,,
Precinct,Registered Voters,Ballots Cast,Turnout
1,784,618,78.83%
2,806,530,65.76%
3,529,388,73.35%
4,711,419,58.93%
5,673,410,60.92%
6,633,421,66.51%
7,570,394,69.12%
8,324,196,60.49%
9,518,401,77.41%
10,523,366,69.98%
11,549,444,80.87%
12,471,329,69.85%
13,458,314,68.56%
14,736,552,75.00%
15,402,275,68.41%
16,562,366,65.12%
17,493,326,66.13%
18,543,385,70.90%
19,910,635,69.78%
20,449,310,69.04%
21,685,443,64.67%
22,500,322,64.40%
23,765,551,72.03%
24,485,368,75.88%
25,648,479,73.92%
26,777,515,66.28%
27,688,549,79.80%
28,808,633,78.34%
29,637,466,73.16%
30,502,380,75.70%
31,446,351,78.70%
32,658,416,63.22%
33,388,288,74.23%
34,468,354,75.64%
35,803,614,76.46%
36,626,452,72.20%
37,288,200,69.44%
38,451,325,72.06%
39,595,503,84.54%
40,774,560,72.35%
41,415,320,77.11%
42,956,703,73.54%
43,651,447,68.66%
44,1026,745,72.61%
45,612,519,84.80%
46,277,219,79.06%
47,487,367,75.36%
48,458,355,77.51%
49,295,218,73.90%
50,321,273,85.05%
51,901,680,75.47%
52,457,309,67.61%
53,409,341,83.37%
54,329,208,63.22%
55,455,323,70.99%
56,531,388,73.07%
57,517,343,66.34%
58,486,401,82.51%
59,370,252,68.11%
60,359,284,79.11%
61,437,341,78.03%
Total,"34,385","24,884",72.37%
,,,
Ward 8,,,
Precinct,Registered Voters,Ballots Cast,Turnout
1,520,434,83.46%
2,307,244,79.48%
3,574,479,83.45%
4,499,413,82.77%
5,537,416,77.47%
6,586,415,70.82%
7,558,409,73.30%
8,548,420,76.64%
9,619,463,74.80%
10,611,510,83.47%
11,617,443,71.80%
12,583,473,81.13%
13,497,395,79.48%
14,689,497,72.13%
15,472,345,73.09%
16,491,409,83.30%
17,446,358,80.27%
18,520,375,72.12%
19,639,493,77.15%
20,483,360,74.53%
21,428,322,75.23%
22,565,420,74.34%
23,558,421,75.45%
24,573,441,76.96%
25,590,442,74.92%
26,513,372,72.51%
27,621,473,76.17%
28,474,368,77.64%
29,670,513,76.57%
30,502,366,72.91%
31,510,342,67.06%
32,831,643,77.38%
33,519,397,76.49%
34,743,547,73.62%
35,627,492,78.47%
36,577,407,70.54%
37,786,581,73.92%
38,635,469,73.86%
39,585,446,76.24%
40,608,478,78.62%
41,523,385,73.61%
42,522,416,79.69%
43,635,453,71.34%
44,394,324,82.23%
45,581,421,72.46%
46,510,370,72.55%
47,543,419,77.16%
48,530,379,71.51%
49,708,540,76.27%
50,558,425,76.16%
51,677,515,76.07%
52,523,411,78.59%
53,620,479,77.26%
54,646,462,71.52%
55,812,574,70.69%
56,721,506,70.18%
57,532,397,74.62%
58,533,443,83.11%
59,420,313,74.52%
60,539,378,70.13%
61,488,385,78.89%
62,448,343,76.56%
63,520,391,75.19%
64,598,443,74.08%
65,340,271,79.71%
66,804,647,80.47%
67,386,295,76.42%
68,503,376,74.75%
69,482,341,70.75%
70,886,677,76.41%
Total,"39,693","30,070",75.76%
,,,
Ward 9,,,
Precinct,Registered Voters,Ballots Cast,Turnout
1,672,488,72.62%
2,767,546,71.19%
3,470,342,72.77%
4,590,437,74.07%
5,795,520,65.41%
6,712,511,71.77%
7,680,451,66.32%
8,761,533,70.04%
9,637,501,78.65%
10,610,443,72.62%
11,622,403,64.79%
12,673,483,71.77%
13,626,437,69.81%
14,816,588,72.06%
15,753,520,69.06%
16,711,470,66.10%
17,661,466,70.50%
18,711,484,68.07%
19,675,511,75.70%
20,642,448,69.78%
21,702,477,67.95%
22,723,507,70.12%
23,562,392,69.75%
24,299,291,97.32%
25,513,352,68.62%
26,502,416,82.87%
27,659,458,69.50%
28,764,389,50.92%
29,665,507,76.24%
30,635,440,69.29%
31,640,435,67.97%
32,705,483,68.51%
33,544,370,68.01%
34,676,444,65.68%
35,665,488,73.38%
36,734,539,73.43%
37,496,385,77.62%
38,787,559,71.03%
39,773,530,68.56%
40,711,478,67.23%
41,709,504,71.09%
42,441,332,75.28%
43,625,373,59.68%
44,672,397,59.08%
45,587,375,63.88%
46,611,441,72.18%
47,704,498,70.74%
48,589,451,76.57%
49,645,419,64.96%
50,709,481,67.84%
51,385,274,71.17%
52,604,451,74.67%
53,432,307,71.06%
Total,"34,052","23,825",69.97%
,,,
Ward 10,,,
Precinct,Registered Voters,Ballots Cast,Turnout
1,662,412,62.24%
2,434,271,62.44%
3,505,350,69.31%
4,696,387,55.60%
5,598,334,55.85%
6,560,366,65.36%
7,187,111,59.36%
8,491,330,67.21%
9,459,319,69.50%
10,548,343,62.59%
11,560,371,66.25%
12,560,320,57.14%
13,441,288,65.31%
14,638,388,60.82%
15,357,182,50.98%
16,457,321,70.24%
17,437,281,64.30%
18,752,403,53.59%
19,607,401,66.06%
20,479,285,59.50%
21,597,323,54.10%
22,518,342,66.02%
23,660,325,49.24%
24,431,285,66.13%
25,910,518,56.92%
26,633,337,53.24%
27,653,410,62.79%
28,368,282,76.63%
29,516,362,70.16%
30,714,418,58.54%
31,660,407,61.67%
32,647,388,59.97%
33,648,387,59.72%
34,645,360,55.81%
35,700,347,49.57%
36,586,401,68.43%
37,610,378,61.97%
38,627,423,67.46%
39,566,346,61.13%
40,577,310,53.73%
41,564,409,72.52%
42,495,342,69.09%
43,440,251,57.05%
44,733,376,51.30%
45,464,250,53.88%
46,637,389,61.07%
47,506,285,56.32%
48,618,351,56.80%
Total,"27,151","16,465",60.64%
,,,
Ward 11,,,
Precinct,Registered Voters,Ballots Cast,Turnout
1,701,452,64.48%
2,554,399,72.02%
3,436,309,70.87%
4,716,458,63.97%
5,490,309,63.06%
6,710,481,67.75%
7,460,327,71.09%
8,622,401,64.47%
9,489,286,58.49%
10,335,234,69.85%
11,881,597,67.76%
12,499,357,71.54%
13,618,371,60.03%
14,593,369,62.23%
15,434,302,69.59%
16,691,470,68.02%
17,716,524,73.18%
18,431,260,60.32%
19,586,381,65.02%
20,331,259,78.25%
21,398,312,78.39%
22,422,311,73.70%
23,428,295,68.93%
24,677,533,78.73%
25,518,406,78.38%
26,830,533,64.22%
27,655,428,65.34%
28,480,270,56.25%
29,601,428,71.21%
30,629,428,68.04%
31,323,239,73.99%
32,388,260,67.01%
33,366,247,67.49%
34,372,255,68.55%
35,637,468,73.47%
36,193,113,58.55%
37,539,436,80.89%
38,608,483,79.44%
39,589,458,77.76%
40,318,216,67.92%
41,328,218,66.46%
42,422,286,67.77%
43,693,436,62.91%
44,592,395,66.72%
45,340,224,65.88%
46,292,210,71.92%
47,591,379,64.13%
48,175,136,77.71%
49,378,292,77.25%
50,406,251,61.82%
Total,"25,481","17,492",68.65%
,,,
Ward 12,,,
Precinct,Registered Voters,Ballots Cast,Turnout
1,456,214,46.93%
2,476,282,59.24%
3,581,309,53.18%
4,408,214,52.45%
5,459,268,58.39%
6,534,219,41.01%
7,724,382,52.76%
8,737,476,64.59%
9,529,260,49.15%
10,643,302,46.97%
11,783,408,52.11%
12,524,289,55.15%
13,702,436,62.11%
14,570,317,55.61%
15,520,256,49.23%
16,512,276,53.91%
17,576,315,54.69%
18,654,361,55.20%
19,673,407,60.48%
20,489,267,54.60%
21,586,353,60.24%
22,534,231,43.26%
23,462,309,66.88%
24,537,327,60.89%
Total,"13,669","7,478",54.71%
,,,
Ward 13,,,
Precinct,Registered Voters,Ballots Cast,Turnout
1,325,370,113.85%
2,287,283,98.61%
3,528,483,91.48%
4,727,577,79.37%
5,503,431,85.69%
6,427,400,93.68%
7,370,337,91.08%
8,415,388,93.49%
9,468,413,88.25%
10,346,329,95.09%
11,330,403,122.12%
12,420,372,88.57%
13,458,399,87.12%
14,409,403,98.53%
15,495,520,105.05%
16,518,473,91.31%
17,422,391,92.65%
18,351,338,96.30%
19,420,534,127.14%
20,522,416,79.69%
21,419,437,104.30%
22,372,342,91.94%
23,336,363,108.04%
24,417,352,84.41%
25,480,377,78.54%
26,413,408,98.79%
27,391,375,95.91%
28,361,294,81.44%
29,328,327,99.70%
30,425,534,125.65%
31,417,475,113.91%
32,336,407,121.13%
33,395,374,94.68%
34,491,500,101.83%
35,376,376,100.00%
36,272,238,87.50%
37,404,369,91.34%
38,461,427,92.62%
39,420,393,93.57%
40,536,456,85.07%
41,330,291,88.18%
42,278,329,118.35%
43,359,364,101.39%
44,361,422,116.90%
45,533,468,87.80%
46,520,412,79.23%
47,459,482,105.01%
Total,"19,631","18,852",96.03%
,,,
Ward 14,,,
Precinct,Registered Voters,Ballots Cast,Turnout
1,279,213,76.34%
2,349,266,76.22%
3,439,372,84.74%
4,389,270,69.41%
5,560,432,77.14%
6,383,285,74.41%
7,376,274,72.87%
8,284,206,72.54%
9,364,308,84.62%
10,385,331,85.97%
11,329,267,81.16%
12,312,253,81.09%
13,371,303,81.67%
14,298,254,85.23%
15,376,331,88.03%
16,474,337,71.10%
17,372,321,86.29%
18,436,316,72.48%
19,486,389,80.04%
20,381,277,72.70%
21,339,306,90.27%
22,541,390,72.09%
23,464,376,81.03%
24,285,194,68.07%
25,394,284,72.08%
26,500,346,69.20%
27,529,399,75.43%
28,412,339,82.28%
29,448,363,81.03%
30,309,266,86.08%
31,314,277,88.22%
32,294,229,77.89%
33,285,233,81.75%
34,336,258,76.79%
35,449,333,74.16%
Total,"13,542","10,598",78.26%
,,,
Ward 15,,,
Precinct,Registered Voters,Ballots Cast,Turnout
1,420,249,59.29%
2,458,300,65.50%
3,506,340,67.19%
4,572,387,67.66%
5,575,351,61.04%
6,670,450,67.16%
7,532,351,65.98%
8,739,551,74.56%
9,537,388,72.25%
10,508,300,59.06%
11,626,440,70.29%
12,345,206,59.71%
13,513,315,61.40%
14,586,387,66.04%
15,589,381,64.69%
16,447,266,59.51%
17,533,328,61.54%
18,485,274,56.49%
19,542,326,60.15%
20,424,283,66.75%
21,483,349,72.26%
22,785,506,64.46%
23,431,263,61.02%
24,497,343,69.01%
25,677,440,64.99%
26,502,327,65.14%
27,462,290,62.77%
28,570,376,65.96%
29,345,194,56.23%
30,757,439,57.99%
31,467,306,65.52%
32,720,431,59.86%
33,523,324,61.95%
34,512,316,61.72%
35,558,352,63.08%
36,558,310,55.56%
37,440,277,62.95%
38,482,333,69.09%
39,544,357,65.63%
40,538,356,66.17%
41,723,490,67.77%
42,342,241,70.47%
43,513,314,61.21%
44,591,407,68.87%
45,287,220,76.66%
46,400,256,64.00%
47,548,385,70.26%
48,447,292,65.32%
49,520,332,63.85%
50,506,328,64.82%
51,401,261,65.09%
52,478,279,58.37%
Total,"27,214","17,567",64.55%
,,,
Ward 16,,,
Precinct,Registered Voters,Ballots Cast,Turnout
1,524,313,59.73%
2,442,284,64.25%
3,586,348,59.39%
4,572,294,51.40%
5,563,351,62.34%
6,182,130,71.43%
7,556,358,64.39%
8,650,420,64.62%
9,594,386,64.98%
10,831,602,72.44%
11,713,462,64.80%
12,548,296,54.01%
13,480,306,63.75%
14,586,350,59.73%
15,613,445,72.59%
16,579,406,70.12%
17,455,265,58.24%
18,660,414,62.73%
19,746,435,58.31%
20,527,311,59.01%
21,520,327,62.88%
22,539,328,60.85%
23,575,357,62.09%
24,224,221,98.66%
25,414,280,67.63%
26,517,358,69.25%
27,613,408,66.56%
28,625,421,67.36%
29,526,320,60.84%
30,591,392,66.33%
31,591,400,67.68%
32,447,305,68.23%
33,408,267,65.44%
34,554,320,57.76%
35,636,417,65.57%
36,630,379,60.16%
37,451,274,60.75%
38,394,280,71.07%
39,554,376,67.87%
40,611,390,63.83%
41,281,201,71.53%
42,573,317,55.32%
43,682,441,64.66%
44,583,370,63.46%
Total,"23,946","15,325",64.00%
,,,
Ward 17,,,
Precinct,Registered Voters,Ballots Cast,Turnout
1,402,281,69.90%
2,645,468,72.56%
3,493,329,66.73%
4,669,519,77.58%
5,487,352,72.28%
6,547,384,70.20%
7,682,491,71.99%
8,501,338,67.47%
9,419,273,65.16%
10,522,370,70.88%
11,598,430,71.91%
12,703,516,73.40%
13,494,304,61.54%
14,641,408,63.65%
15,666,480,72.07%
16,580,389,67.07%
17,493,344,69.78%
18,584,420,71.92%
19,326,207,63.50%
20,544,397,72.98%
21,567,423,74.60%
22,604,417,69.04%
23,416,277,66.59%
24,649,451,69.49%
25,457,326,71.33%
26,643,497,77.29%
27,741,544,73.41%
28,497,355,71.43%
29,544,415,76.29%
30,622,448,72.03%
31,544,365,67.10%
32,652,455,69.79%
33,466,316,67.81%
34,493,338,68.56%
35,349,247,70.77%
36,391,259,66.24%
37,564,353,62.59%
38,623,436,69.98%
39,536,346,64.55%
40,538,369,68.59%
41,467,319,68.31%
42,452,333,73.67%
43,526,367,69.77%
44,514,311,60.51%
45,446,293,65.70%
46,600,419,69.83%
47,355,249,70.14%
48,680,485,71.32%
49,404,283,70.05%
50,702,480,68.38%
51,602,471,78.24%
52,684,534,78.07%
53,499,344,68.94%
54,512,402,78.52%
55,476,351,73.74%
56,637,405,63.58%
57,650,447,68.77%
58,543,337,62.06%
59,359,236,65.74%
60,643,477,74.18%
61,515,347,67.38%
62,520,356,68.46%
63,671,386,57.53%
64,438,307,70.09%
Total,"34,787","24,276",69.78%
,,,
Ward 18,,,
Precinct,Registered Voters,Ballots Cast,Turnout
1,344,251,72.97%
2,533,421,78.99%
3,443,331,74.72%
4,561,450,80.21%
5,694,483,69.60%
6,505,366,72.48%
7,535,420,78.50%
8,270,210,77.78%
9,558,457,81.90%
10,748,603,80.61%
11,577,422,73.14%
12,613,501,81.73%
13,639,523,81.85%
14,629,478,75.99%
15,362,259,71.55%
16,647,503,77.74%
17,586,423,72.18%
18,549,406,73.95%
19,664,504,75.90%
20,602,443,73.59%
21,713,609,85.41%
22,657,534,81.28%
23,542,416,76.75%
24,608,474,77.96%
25,625,460,73.60%
26,423,345,81.56%
27,701,510,72.75%
28,506,373,73.72%
29,612,445,72.71%
30,536,407,75.93%
31,628,465,74.04%
32,705,531,75.32%
33,578,423,73.18%
34,630,528,83.81%
35,696,533,76.58%
36,437,328,75.06%
37,460,369,80.22%
38,655,495,75.57%
39,689,467,67.78%
40,620,511,82.42%
41,542,427,78.78%
42,547,395,72.21%
43,556,388,69.78%
44,418,306,73.21%
45,550,432,78.55%
46,637,483,75.82%
47,684,484,70.76%
48,405,290,71.60%
49,564,410,72.70%
50,759,516,67.98%
51,767,570,74.32%
52,635,473,74.49%
53,540,374,69.26%
54,611,495,81.01%
55,557,410,73.61%
56,665,476,71.58%
57,490,359,73.27%
58,658,514,78.12%
59,468,363,77.56%
60,718,563,78.41%
61,587,419,71.38%
62,500,341,68.20%
Total,"35,938","27,165",75.59%
,,,
Ward 19,,,
Precinct,Registered Voters,Ballots Cast,Turnout
1,522,473,90.61%
2,459,426,92.81%
3,473,408,86.26%
4,507,419,82.64%
5,539,493,91.47%
6,514,431,83.85%
7,521,464,89.06%
8,455,411,90.33%
9,430,362,84.19%
10,674,619,91.84%
11,609,534,87.68%
12,535,463,86.54%
13,428,395,92.29%
14,347,290,83.57%
15,511,440,86.11%
16,605,544,89.92%
17,555,481,86.67%
18,560,517,92.32%
19,545,501,91.93%
20,509,453,89.00%
21,425,365,85.88%
22,598,537,89.80%
23,598,529,88.46%
24,441,400,90.70%
25,619,539,87.08%
26,572,526,91.96%
27,389,365,93.83%
28,571,527,92.29%
29,453,381,84.11%
30,524,447,85.31%
31,499,448,89.78%
32,571,509,89.14%
33,590,528,89.49%
34,499,470,94.19%
35,491,432,87.98%
36,796,745,93.59%
37,534,489,91.57%
38,541,514,95.01%
39,313,301,96.17%
40,598,524,87.63%
41,422,370,87.68%
42,600,544,90.67%
43,652,616,94.48%
44,523,463,88.53%
45,565,492,87.08%
46,639,571,89.36%
47,380,354,93.16%
48,489,439,89.78%
49,631,586,92.87%
50,747,652,87.28%
51,423,373,88.18%
52,469,393,83.80%
53,521,459,88.10%
54,486,432,88.89%
55,491,411,83.71%
56,597,553,92.63%
57,589,545,92.53%
58,569,491,86.29%
59,531,471,88.70%
60,490,446,91.02%
61,629,571,90.78%
62,515,469,91.07%
63,384,331,86.20%
64,681,601,88.25%
65,426,356,83.57%
66,623,569,91.33%
Total,"34,992","31,258",89.33%
,,,
Ward 20,,,
Precinct,Registered Voters,Ballots Cast,Turnout
1,657,439,66.82%
2,552,384,69.57%
3,595,389,65.38%
4,666,333,50.00%
5,451,293,64.97%
6,756,536,70.90%
7,252,161,63.89%
8,208,113,54.33%
9,673,479,71.17%
10,550,369,67.09%
11,453,343,75.72%
12,370,275,74.32%
13,477,356,74.63%
14,740,574,77.57%
15,703,367,52.20%
16,671,518,77.20%
17,486,333,68.52%
18,554,315,56.86%
19,567,360,63.49%
20,404,247,61.14%
21,372,211,56.72%
22,686,531,77.41%
23,793,609,76.80%
24,616,484,78.57%
25,485,342,70.52%
26,602,371,61.63%
27,510,354,69.41%
28,583,445,76.33%
29,668,485,72.60%
30,556,385,69.24%
31,619,484,78.19%
32,590,403,68.31%
33,720,501,69.58%
34,761,579,76.08%
35,372,295,79.30%
36,586,371,63.31%
37,627,454,72.41%
38,128,80,62.50%
39,576,398,69.10%
40,468,328,70.09%
41,334,164,49.10%
42,649,443,68.26%
43,160,115,71.88%
44,511,441,86.30%
45,437,278,63.62%
46,522,399,76.44%
47,550,360,65.45%
48,274,174,63.50%
49,426,304,71.36%
50,379,265,69.92%
Total,"26,345","18,237",69.22%
,,,
Ward 21,,,
Precinct,Registered Voters,Ballots Cast,Turnout
1,788,607,77.03%
2,636,476,74.84%
3,515,373,72.43%
4,630,492,78.10%
5,628,428,68.15%
6,588,416,70.75%
7,564,450,79.79%
8,638,513,80.41%
9,713,535,75.04%
10,464,357,76.94%
11,599,460,76.79%
12,614,472,76.87%
13,342,250,73.10%
14,553,469,84.81%
15,568,430,75.70%
16,580,456,78.62%
17,587,438,74.62%
18,488,383,78.48%
19,475,366,77.05%
20,315,244,77.46%
21,689,517,75.04%
22,571,393,68.83%
23,468,346,73.93%
24,597,461,77.22%
25,419,318,75.89%
26,413,316,76.51%
27,594,435,73.23%
28,448,361,80.58%
29,336,269,80.06%
30,436,320,73.39%
31,760,572,75.26%
32,654,485,74.16%
33,581,444,76.42%
34,728,523,71.84%
35,403,304,75.43%
36,645,439,68.06%
37,678,511,75.37%
38,628,445,70.86%
39,542,400,73.80%
40,464,354,76.29%
41,535,386,72.15%
42,580,411,70.86%
43,559,430,76.92%
44,661,443,67.02%
45,472,368,77.97%
46,472,373,79.03%
47,661,482,72.92%
48,795,597,75.09%
49,626,525,83.87%
50,639,446,69.80%
51,608,470,77.30%
52,672,506,75.30%
53,646,442,68.42%
54,451,361,80.04%
55,695,499,71.80%
56,528,344,65.15%
57,575,431,74.96%
58,493,353,71.60%
59,688,552,80.23%
60,595,442,74.29%
61,685,521,76.06%
62,587,428,72.91%
63,502,394,78.49%
64,367,269,73.30%
65,654,506,77.37%
66,441,328,74.38%
67,617,468,75.85%
68,588,453,77.04%
69,460,374,81.30%
70,613,427,69.66%
71,472,350,74.15%
72,628,460,73.25%
73,811,592,73.00%
74,326,215,65.95%
Total,"42,041","31,474",74.87%
,,,
Ward 22,,,
Precinct,Registered Voters,Ballots Cast,Turnout
1,502,259,51.59%
2,373,225,60.32%
3,579,336,58.03%
4,563,312,55.42%
5,597,353,59.13%
6,513,261,50.88%
7,503,380,75.55%
8,473,275,58.14%
9,584,340,58.22%
10,515,312,60.58%
11,618,302,48.87%
12,375,250,66.67%
13,696,373,53.59%
14,418,258,61.72%
15,517,285,55.13%
16,567,350,61.73%
17,559,312,55.81%
18,794,348,43.83%
19,481,320,66.53%
20,678,353,52.06%
21,560,405,72.32%
22,632,302,47.78%
23,629,347,55.17%
24,495,244,49.29%
25,433,237,54.73%
26,401,233,58.10%
27,730,403,55.21%
28,351,215,61.25%
29,487,232,47.64%
Total,"15,623","8,822",56.47%
,,,
Ward 23,,,
Precinct,Registered Voters,Ballots Cast,Turnout
1,485,385,79.38%
2,537,451,83.99%
3,439,392,89.29%
4,585,408,69.74%
5,536,347,64.74%
6,511,430,84.15%
7,401,243,60.60%
8,571,439,76.88%
9,631,437,69.26%
10,498,444,89.16%
11,611,465,76.10%
12,508,400,78.74%
13,586,467,79.69%
14,401,268,66.83%
15,557,426,76.48%
16,529,419,79.21%
17,511,478,93.54%
18,424,341,80.42%
19,453,370,81.68%
20,448,350,78.13%
21,573,402,70.16%
22,579,431,74.44%
23,474,405,85.44%
24,447,322,72.04%
25,552,355,64.31%
26,515,406,78.83%
27,458,354,77.29%
28,542,406,74.91%
29,497,369,74.25%
30,495,367,74.14%
31,649,445,68.57%
32,550,461,83.82%
33,550,441,80.18%
34,587,368,62.69%
35,396,308,77.78%
36,633,518,81.83%
37,410,321,78.29%
38,453,344,75.94%
39,508,383,75.39%
40,513,444,86.55%
41,662,449,67.82%
42,437,332,75.97%
43,637,486,76.30%
44,480,389,81.04%
45,659,499,75.72%
46,498,413,82.93%
47,561,448,79.86%
48,477,403,84.49%
49,528,462,87.50%
50,437,302,69.11%
51,420,331,78.81%
52,580,467,80.52%
53,359,263,73.26%
54,627,480,76.56%
55,527,411,77.99%
56,512,375,73.24%
Total,"29,004","22,320",76.95%
,,,
Ward 24,,,
Precinct,Registered Voters,Ballots Cast,Turnout
1,751,520,69.24%
2,692,370,53.47%
3,605,395,65.29%
4,618,394,63.75%
5,573,362,63.18%
6,727,474,65.20%
7,568,392,69.01%
8,515,371,72.04%
9,637,403,63.27%
10,514,322,62.65%
11,463,289,62.42%
12,574,434,75.61%
13,625,388,62.08%
14,923,581,62.95%
15,555,347,62.52%
16,529,289,54.63%
17,632,371,58.70%
18,429,291,67.83%
19,393,292,74.30%
20,540,326,60.37%
21,532,273,51.32%
22,564,434,76.95%
23,574,345,60.10%
24,456,268,58.77%
25,627,462,73.68%
26,732,486,66.39%
27,389,222,57.07%
28,609,481,78.98%
29,733,460,62.76%
30,605,383,63.31%
31,599,391,65.28%
32,572,357,62.41%
33,467,290,62.10%
34,668,406,60.78%
35,748,556,74.33%
36,538,343,63.75%
37,604,383,63.41%
38,579,414,71.50%
39,566,396,69.96%
40,675,447,66.22%
41,552,358,64.86%
42,443,306,69.07%
43,829,535,64.54%
44,737,465,63.09%
45,496,349,70.36%
46,702,441,62.82%
47,496,348,70.16%
48,302,202,66.89%
49,843,584,69.28%
50,940,582,61.91%
51,858,549,63.99%
52,532,341,64.10%
53,717,378,52.72%
54,515,403,78.25%
55,693,414,59.74%
56,651,466,71.58%
Total,"34,006","22,129",65.07%
,,,
Ward 25,,,
Precinct,Registered Voters,Ballots Cast,Turnout
1,598,403,67.39%
2,1000,589,58.90%
3,681,543,79.74%
4,791,557,70.42%
5,710,416,58.59%
6,558,365,65.41%
7,758,419,55.28%
8,753,453,60.16%
9,1013,615,60.71%
10,417,272,65.23%
11,895,525,58.66%
12,754,497,65.92%
13,885,494,55.82%
14,951,399,41.96%
15,752,417,55.45%
16,490,315,64.29%
17,1064,703,66.07%
18,1188,685,57.66%
19,991,542,54.69%
20,858,485,56.53%
21,459,356,77.56%
22,435,267,61.38%
23,814,525,64.50%
24,1053,626,59.45%
25,737,464,62.96%
26,578,411,71.11%
27,554,393,70.94%
28,693,510,73.59%
29,1384,1099,79.41%
30,823,477,57.96%
31,444,324,72.97%
Total,"24,081","15,146",62.90%
,,,
Ward 26,,,
Precinct,Registered Voters,Ballots Cast,Turnout
1,384,279,72.66%
2,471,335,71.13%
3,471,298,63.27%
4,321,230,71.65%
5,514,355,69.07%
6,354,209,59.04%
7,384,257,66.93%
8,371,249,67.12%
9,360,230,63.89%
10,318,215,67.61%
11,383,252,65.80%
12,332,234,70.48%
13,330,252,76.36%
14,415,249,60.00%
15,511,289,56.56%
16,345,210,60.87%
17,333,206,61.86%
18,350,207,59.14%
19,648,483,74.54%
20,634,431,67.98%
21,623,386,61.96%
22,463,260,56.16%
23,423,246,58.16%
24,423,284,67.14%
25,194,124,63.92%
26,366,235,64.21%
27,411,287,69.83%
28,420,280,66.67%
29,502,320,63.75%
30,443,306,69.07%
31,443,273,61.63%
32,496,383,77.22%
33,247,157,63.56%
34,387,325,83.98%
35,504,355,70.44%
36,416,266,63.94%
37,293,194,66.21%
38,461,293,63.56%
39,455,286,62.86%
40,294,191,64.97%
41,381,255,66.93%
42,362,294,81.22%
43,347,231,66.57%
44,266,176,66.17%
45,494,358,72.47%
46,598,428,71.57%
47,295,193,65.42%
48,539,360,66.79%
49,341,232,68.04%
50,326,226,69.33%
51,370,301,81.35%
52,260,153,58.85%
53,395,273,69.11%
54,431,251,58.24%
55,314,186,59.24%
56,474,304,64.14%
57,379,249,65.70%
58,388,237,61.08%
59,515,291,56.50%
60,431,287,66.59%
61,312,190,60.90%
62,405,299,73.83%
63,203,127,62.56%
Total,"25,319","16,822",66.44%
,,,
Ward 27,,,
Precinct,Registered Voters,Ballots Cast,Turnout
1,976,849,86.99%
2,634,363,57.26%
3,613,382,62.32%
4,463,339,73.22%
5,286,240,83.92%
6,360,259,71.94%
7,742,533,71.83%
8,627,398,63.48%
9,603,460,76.29%
10,659,554,84.07%
11,915,575,62.84%
12,778,660,84.83%
13,482,411,85.27%
14,827,592,71.58%
15,390,265,67.95%
16,276,231,83.70%
17,691,589,85.24%
18,674,455,67.51%
19,602,422,70.10%
20,708,649,91.67%
21,338,327,96.75%
22,658,416,63.22%
23,129,82,63.57%
24,474,375,79.11%
25,378,276,73.02%
26,426,304,71.36%
27,584,432,73.97%
28,594,493,83.00%
29,531,332,62.52%
30,326,237,72.70%
31,414,329,79.47%
32,571,374,65.50%
33,495,364,73.54%
34,454,368,81.06%
35,579,443,76.51%
36,489,342,69.94%
37,510,426,83.53%
38,557,389,69.84%
39,396,304,76.77%
40,478,353,73.85%
41,788,543,68.91%
42,465,394,84.73%
43,285,224,78.60%
44,538,353,65.61%
45,420,320,76.19%
46,421,375,89.07%
47,429,312,72.73%
48,565,432,76.46%
49,595,410,68.91%
50,674,530,78.64%
51,222,188,84.68%
52,487,341,70.02%
53,476,328,68.91%
54,847,668,78.87%
55,432,380,87.96%
56,498,375,75.30%
57,543,420,77.35%
58,287,193,67.25%
59,724,471,65.06%
Total,"31,383","23,449",74.72%
,,,
Ward 28,,,
Precinct,Registered Voters,Ballots Cast,Turnout
1,585,431,73.68%
2,786,506,64.38%
3,451,363,80.49%
4,695,429,61.73%
5,553,368,66.55%
6,533,324,60.79%
7,582,340,58.42%
8,514,380,73.93%
9,513,307,59.84%
10,136,97,71.32%
11,507,332,65.48%
12,465,348,74.84%
13,405,312,77.04%
14,420,291,69.29%
15,506,340,67.19%
16,488,364,74.59%
17,456,286,62.72%
18,747,501,67.07%
19,621,454,73.11%
20,535,395,73.83%
21,661,482,72.92%
22,509,333,65.42%
23,610,397,65.08%
24,500,313,62.60%
25,458,296,64.63%
26,540,370,68.52%
27,643,473,73.56%
28,386,253,65.54%
29,554,352,63.54%
30,415,302,72.77%
31,539,369,68.46%
32,564,381,67.55%
33,638,438,68.65%
34,150,83,55.33%
35,494,340,68.83%
36,531,336,63.28%
37,801,551,68.79%
38,317,175,55.21%
39,550,395,71.82%
40,723,471,65.15%
41,530,412,77.74%
42,503,337,67.00%
43,679,482,70.99%
44,596,437,73.32%
45,613,443,72.27%
46,538,366,68.03%
47,704,474,67.33%
48,454,272,59.91%
49,375,309,82.40%
50,558,301,53.94%
51,609,350,57.47%
52,556,358,64.39%
53,425,244,57.41%
54,551,343,62.25%
55,518,353,68.15%
56,540,357,66.11%
57,575,336,58.43%
58,628,453,72.13%
59,359,260,72.42%
60,421,291,69.12%
61,572,305,53.32%
Total,"32,385","21,761",67.19%
,,,
Ward 29,,,
Precinct,Registered Voters,Ballots Cast,Turnout
1,772,790,102.33%
2,621,381,61.35%
3,586,530,90.44%
4,501,428,85.43%
5,553,459,83.00%
6,417,262,62.83%
7,468,321,68.59%
8,435,335,77.01%
9,450,323,71.78%
10,349,261,74.79%
11,541,469,86.69%
12,561,504,89.84%
13,498,482,96.79%
14,562,503,89.50%
15,440,443,100.68%
16,653,585,89.59%
17,404,361,89.36%
18,692,544,78.61%
19,747,645,86.35%
20,658,539,81.91%
21,672,573,85.27%
22,597,412,69.01%
23,614,483,78.66%
24,446,339,76.01%
25,582,521,89.52%
26,487,406,83.37%
27,525,482,91.81%
28,748,618,82.62%
29,666,542,81.38%
30,380,294,77.37%
31,537,466,86.78%
32,654,377,57.65%
33,399,364,91.23%
34,497,338,68.01%
35,456,406,89.04%
36,599,569,94.99%
37,516,448,86.82%
38,523,418,79.92%
39,393,361,91.86%
40,607,593,97.69%
41,599,499,83.31%
42,720,583,80.97%
43,590,547,92.71%
44,476,377,79.20%
45,481,405,84.20%
46,475,457,96.21%
47,632,580,91.77%
48,514,444,86.38%
49,740,643,86.89%
Total,"27,033","22,710",84.01%
,,,
Ward 30,,,
Precinct,Registered Voters,Ballots Cast,Turnout
1,426,329,77.23%
2,414,277,66.91%
3,666,460,69.07%
4,579,337,58.20%
5,513,246,47.95%
6,437,287,65.68%
7,483,304,62.94%
8,644,380,59.01%
9,525,331,63.05%
10,624,337,54.01%
11,378,252,66.67%
12,485,297,61.24%
13,479,331,69.10%
14,311,146,46.95%
15,374,299,79.95%
16,582,367,63.06%
17,365,204,55.89%
18,577,313,54.25%
19,468,260,55.56%
20,504,294,58.33%
21,758,370,48.81%
22,738,378,51.22%
23,641,373,58.19%
24,626,345,55.11%
25,466,223,47.85%
26,416,227,54.57%
27,872,480,55.05%
28,494,291,58.91%
29,386,223,57.77%
30,665,439,66.02%
31,504,257,50.99%
32,313,145,46.33%
33,611,328,53.68%
34,511,345,67.51%
35,572,329,57.52%
36,612,324,52.94%
37,477,289,60.59%
38,565,422,74.69%
39,580,353,60.86%
40,608,334,54.93%
41,603,334,55.39%
Total,"21,852","12,860",58.85%
,,,
Ward 31,,,
Precinct,Registered Voters,Ballots Cast,Turnout
1,261,152,58.24%
2,313,217,69.33%
3,407,258,63.39%
4,453,251,55.41%
5,472,332,70.34%
6,539,279,51.76%
7,511,301,58.90%
8,351,211,60.11%
9,420,259,61.67%
10,316,162,51.27%
11,325,209,64.31%
12,463,290,62.63%
13,580,328,56.55%
14,492,277,56.30%
15,316,171,54.11%
16,396,233,58.84%
17,420,289,68.81%
18,478,255,53.35%
19,402,242,60.20%
20,457,234,51.20%
21,512,314,61.33%
22,348,211,60.63%
23,288,187,64.93%
24,380,233,61.32%
25,471,284,60.30%
26,382,220,57.59%
27,461,268,58.13%
28,442,292,66.06%
29,389,255,65.55%
30,487,316,64.89%
31,563,368,65.36%
32,463,296,63.93%
33,425,291,68.47%
34,388,230,59.28%
35,391,205,52.43%
36,485,322,66.39%
37,516,305,59.11%
38,312,177,56.73%
39,397,194,48.87%
40,306,202,66.01%
41,471,299,63.48%
42,518,332,64.09%
43,509,337,66.21%
44,491,293,59.67%
45,459,282,61.44%
46,408,266,65.20%
47,480,293,61.04%
48,476,282,59.24%
49,243,144,59.26%
50,518,328,63.32%
51,306,183,59.80%
Total,"21,657","13,159",60.76%
,,,
Ward 32,,,
Precinct,Registered Voters,Ballots Cast,Turnout
1,775,576,74.32%
2,840,667,79.40%
3,717,535,74.62%
4,782,633,80.95%
5,580,465,80.17%
6,744,544,73.12%
7,698,562,80.52%
8,1021,854,83.64%
9,965,823,85.28%
10,843,631,74.85%
11,641,499,77.85%
12,460,349,75.87%
13,401,304,75.81%
14,667,497,74.51%
15,545,435,79.82%
16,698,553,79.23%
17,880,652,74.09%
18,687,554,80.64%
19,690,548,79.42%
20,731,570,77.98%
21,558,462,82.80%
22,809,684,84.55%
23,699,554,79.26%
24,935,744,79.57%
25,634,501,79.02%
26,647,451,69.71%
27,689,556,80.70%
28,583,495,84.91%
29,608,470,77.30%
30,849,717,84.45%
31,884,719,81.33%
32,765,623,81.44%
33,523,377,72.08%
34,987,735,74.47%
35,745,630,84.56%
36,869,730,84.00%
37,758,560,73.88%
38,789,685,86.82%
39,858,728,84.85%
40,785,637,81.15%
41,863,657,76.13%
42,949,755,79.56%
43,661,567,85.78%
44,530,387,73.02%
45,682,560,82.11%
46,353,221,62.61%
47,848,643,75.83%
48,1072,857,79.94%
49,817,572,70.01%
50,877,729,83.12%
51,806,647,80.27%
52,474,370,78.06%
Total,"38,271","30,274",79.10%
,,,
Ward 33,,,
Precinct,Registered Voters,Ballots Cast,Turnout
1,822,588,71.53%
2,775,625,80.65%
3,716,569,79.47%
4,810,642,79.26%
5,756,526,69.58%
6,699,550,78.68%
7,697,615,88.24%
8,637,533,83.67%
9,673,573,85.14%
10,722,540,74.79%
11,749,600,80.11%
12,811,583,71.89%
13,699,561,80.26%
14,815,549,67.36%
15,846,619,73.17%
16,713,503,70.55%
17,796,571,71.73%
18,306,230,75.16%
19,863,628,72.77%
20,824,601,72.94%
21,835,614,73.53%
22,747,573,76.71%
23,756,601,79.50%
24,664,559,84.19%
25,944,708,75.00%
26,925,638,68.97%
27,737,560,75.98%
Total,"20,337","15,459",76.01%
,,,
Ward 34,,,
Precinct,Registered Voters,Ballots Cast,Turnout
1,795,643,80.88%
2,559,399,71.38%
3,787,592,75.22%
4,954,658,68.97%
5,676,548,81.07%
6,390,303,77.69%
7,739,564,76.32%
8,756,529,69.97%
9,615,478,77.72%
10,650,481,74.00%
11,602,462,76.74%
12,755,581,76.95%
13,786,596,75.83%
14,566,474,83.75%
15,640,460,71.88%
16,604,476,78.81%
17,663,452,68.17%
18,496,345,69.56%
19,147,118,80.27%
20,829,628,75.75%
21,564,440,78.01%
22,696,503,72.27%
23,632,448,70.89%
24,635,503,79.21%
25,669,524,78.33%
26,547,396,72.39%
27,658,462,70.21%
28,463,359,77.54%
29,614,451,73.45%
30,675,524,77.63%
31,448,330,73.66%
32,362,271,74.86%
33,323,260,80.50%
34,672,524,77.98%
35,668,562,84.13%
36,703,507,72.12%
37,669,492,73.54%
38,637,457,71.74%
39,787,446,56.67%
40,683,535,78.33%
41,531,343,64.60%
42,729,554,75.99%
43,784,627,79.97%
44,655,504,76.95%
45,689,494,71.70%
46,604,480,79.47%
47,400,316,79.00%
48,694,567,81.70%
49,753,626,83.13%
50,633,481,75.99%
51,881,704,79.91%
52,606,432,71.29%
53,664,455,68.52%
54,588,455,77.38%
55,706,534,75.64%
56,391,276,70.59%
57,742,576,77.63%
58,613,450,73.41%
59,704,523,74.29%
60,717,534,74.48%
61,491,410,83.50%
Total,"38,689","29,122",75.27%
,,,
Ward 35,,,
Precinct,Registered Voters,Ballots Cast,Turnout
1,915,561,61.31%
2,657,403,61.34%
3,745,515,69.13%
4,685,511,74.60%
5,672,464,69.05%
6,884,487,55.09%
7,781,597,76.44%
8,627,445,70.97%
9,738,544,73.71%
10,700,517,73.86%
11,943,528,55.99%
12,745,577,77.45%
13,346,188,54.34%
14,804,592,73.63%
15,658,451,68.54%
16,716,565,78.91%
17,878,610,69.48%
18,904,598,66.15%
19,673,522,77.56%
20,809,520,64.28%
21,771,479,62.13%
22,225,187,83.11%
23,556,314,56.47%
24,512,313,61.13%
25,769,572,74.38%
26,891,598,67.12%
27,761,552,72.54%
28,864,638,73.84%
29,734,576,78.47%
30,838,659,78.64%
31,439,334,76.08%
32,424,286,67.45%
33,670,427,63.73%
34,749,503,67.16%
35,740,444,60.00%
36,574,429,74.74%
Total,"25,397","17,506",68.93%
,,,
Ward 36,,,
Precinct,Registered Voters,Ballots Cast,Turnout
1,540,389,72.04%
2,475,363,76.42%
3,646,547,84.67%
4,508,315,62.01%
5,464,307,66.16%
6,615,411,66.83%
7,425,302,71.06%
8,534,374,70.04%
9,533,382,71.67%
10,371,278,74.93%
11,633,442,69.83%
12,368,282,76.63%
13,615,498,80.98%
14,587,430,73.25%
15,657,401,61.04%
16,653,552,84.53%
17,454,330,72.69%
18,608,444,73.03%
19,748,484,64.71%
20,822,544,66.18%
21,898,631,70.27%
22,762,549,72.05%
23,223,185,82.96%
24,537,457,85.10%
25,391,279,71.36%
26,676,427,63.17%
27,303,204,67.33%
28,631,408,64.66%
29,478,347,72.59%
30,623,457,73.35%
31,597,400,67.00%
32,564,400,70.92%
33,354,307,86.72%
34,368,293,79.62%
35,590,437,74.07%
36,499,351,70.34%
37,593,368,62.06%
38,329,226,68.69%
39,543,378,69.61%
40,727,478,65.75%
41,524,355,67.75%
42,497,354,71.23%
43,493,330,66.94%
44,472,404,85.59%
45,468,386,82.48%
46,393,304,77.35%
47,389,266,68.38%
48,510,347,68.04%
49,660,512,77.58%
50,475,331,69.68%
51,534,432,80.90%
52,704,461,65.48%
53,358,268,74.86%
54,610,524,85.90%
55,631,501,79.40%
Total,"29,660","21,432",72.26%
,,,
Ward 37,,,
Precinct,Registered Voters,Ballots Cast,Turnout
1,596,339,56.88%
2,714,486,68.07%
3,611,372,60.88%
4,814,562,69.04%
5,751,553,73.64%
6,721,553,76.70%
7,809,600,74.17%
8,760,533,70.13%
9,693,507,73.16%
10,546,435,79.67%
11,347,227,65.42%
12,636,449,70.60%
13,712,481,67.56%
14,813,614,75.52%
15,700,523,74.71%
16,656,478,72.87%
17,673,491,72.96%
18,767,526,68.58%
19,648,413,63.73%
20,726,513,70.66%
21,679,517,76.14%
22,525,380,72.38%
23,493,387,78.50%
24,729,534,73.25%
25,771,564,73.15%
26,708,553,78.11%
27,710,561,79.01%
28,707,512,72.42%
29,757,567,74.90%
30,437,315,72.08%
31,613,468,76.35%
32,759,527,69.43%
33,670,478,71.34%
34,688,508,73.84%
35,683,496,72.62%
36,703,509,72.40%
37,704,474,67.33%
38,752,575,76.46%
39,749,455,60.75%
40,656,490,74.70%
41,756,551,72.88%
42,689,428,62.12%
43,742,462,62.26%
Total,"29,373","20,966",71.38%
,,,
Ward 38,,,
Precinct,Registered Voters,Ballots Cast,Turnout
1,606,437,72.11%
2,593,360,60.71%
3,514,308,59.92%
4,289,199,68.86%
5,857,659,76.90%
6,666,400,60.06%
7,553,443,80.11%
8,394,272,69.04%
9,503,409,81.31%
10,605,475,78.51%
11,425,294,69.18%
12,546,355,65.02%
13,523,351,67.11%
14,468,322,68.80%
15,402,273,67.91%
16,629,392,62.32%
17,448,299,66.74%
18,475,347,73.05%
19,569,410,72.06%
20,613,472,77.00%
21,647,402,62.13%
22,560,376,67.14%
23,457,282,61.71%
24,544,327,60.11%
25,590,377,63.90%
26,444,282,63.51%
27,381,255,66.93%
28,439,286,65.15%
29,537,338,62.94%
30,542,372,68.63%
31,761,491,64.52%
32,608,431,70.89%
33,513,338,65.89%
34,489,304,62.17%
35,621,458,73.75%
36,535,361,67.48%
37,695,440,63.31%
38,666,464,69.67%
39,632,411,65.03%
40,444,298,67.12%
41,633,481,75.99%
42,549,400,72.86%
43,513,374,72.90%
44,516,375,72.67%
45,675,442,65.48%
46,489,344,70.35%
47,543,369,67.96%
48,455,327,71.87%
49,586,352,60.07%
50,547,389,71.12%
51,473,298,63.00%
52,588,407,69.22%
53,178,120,67.42%
Total,"28,528","19,448",68.17%
,,,
Ward 39,,,
Precinct,Registered Voters,Ballots Cast,Turnout
1,444,369,83.11%
2,735,542,73.74%
3,459,362,78.87%
4,352,296,84.09%
5,408,313,76.72%
6,601,434,72.21%
7,390,278,71.28%
8,678,454,66.96%
9,680,489,71.91%
10,454,331,72.91%
11,664,472,71.08%
12,773,464,60.03%
13,336,258,76.79%
14,677,492,72.67%
15,468,350,74.79%
16,610,406,66.56%
17,608,391,64.31%
18,651,481,73.89%
19,420,279,66.43%
20,424,350,82.55%
21,406,289,71.18%
22,777,521,67.05%
23,267,217,81.27%
24,737,466,63.23%
25,803,492,61.27%
26,543,396,72.93%
27,515,402,78.06%
28,659,486,73.75%
29,589,436,74.02%
30,499,293,58.72%
31,492,340,69.11%
32,500,348,69.60%
33,764,527,68.98%
34,775,544,70.19%
35,738,540,73.17%
36,518,331,63.90%
37,613,505,82.38%
38,481,396,82.33%
39,242,171,70.66%
40,413,291,70.46%
41,261,174,66.67%
42,415,341,82.17%
43,840,601,71.55%
44,982,654,66.60%
45,490,282,57.55%
46,576,384,66.67%
47,395,271,68.61%
Total,"26,122","18,509",70.86%
,,,
Ward 40,,,
Precinct,Registered Voters,Ballots Cast,Turnout
1,527,348,66.03%
2,431,325,75.41%
3,551,474,86.03%
4,470,377,80.21%
5,632,484,76.58%
6,558,481,86.20%
7,543,469,86.37%
8,185,133,71.89%
9,547,402,73.49%
10,628,426,67.83%
11,469,408,86.99%
12,374,303,81.02%
13,595,518,87.06%
14,693,540,77.92%
15,606,440,72.61%
16,522,444,85.06%
17,286,200,69.93%
18,710,529,74.51%
19,610,400,65.57%
20,478,362,75.73%
21,487,384,78.85%
22,354,289,81.64%
23,726,620,85.40%
24,475,321,67.58%
25,470,348,74.04%
26,542,438,80.81%
27,471,361,76.65%
28,676,524,77.51%
29,502,388,77.29%
30,482,395,81.95%
31,433,327,75.52%
32,414,268,64.73%
33,573,448,78.18%
34,407,292,71.74%
35,600,468,78.00%
36,684,516,75.44%
37,453,325,71.74%
38,370,259,70.00%
39,512,366,71.48%
40,307,267,86.97%
41,642,553,86.14%
42,614,508,82.74%
43,630,493,78.25%
44,497,349,70.22%
45,848,628,74.06%
46,605,511,84.46%
47,502,426,84.86%
48,463,339,73.22%
49,438,320,73.06%
Total,"25,592","19,794",77.34%
,,,
Ward 41,,,
Precinct,Registered Voters,Ballots Cast,Turnout
1,728,553,75.96%
2,695,556,80.00%
3,740,535,72.30%
4,715,560,78.32%
5,868,676,77.88%
6,545,436,80.00%
7,752,590,78.46%
8,723,538,74.41%
9,810,561,69.26%
10,552,420,76.09%
11,766,557,72.72%
12,732,490,66.94%
13,446,306,68.61%
14,558,476,85.30%
15,820,592,72.20%
16,713,536,75.18%
17,771,514,66.67%
18,802,500,62.34%
19,671,524,78.09%
20,721,539,74.76%
21,776,558,71.91%
22,630,464,73.65%
23,626,432,69.01%
24,758,505,66.62%
25,611,381,62.36%
26,369,237,64.23%
27,370,226,61.08%
28,805,567,70.43%
29,591,362,61.25%
30,805,610,75.78%
31,731,556,76.06%
32,535,400,74.77%
33,513,409,79.73%
34,544,425,78.13%
35,711,543,76.37%
36,697,510,73.17%
37,689,556,80.70%
38,732,514,70.22%
39,514,373,72.57%
40,684,539,78.80%
41,716,553,77.23%
42,717,581,81.03%
43,724,536,74.03%
44,618,477,77.18%
45,675,508,75.26%
46,494,379,76.72%
47,492,414,84.15%
48,647,392,60.59%
49,706,585,82.86%
50,805,544,67.58%
51,502,366,72.91%
52,794,623,78.46%
53,707,505,71.43%
54,416,351,84.38%
55,605,496,81.98%
56,712,576,80.90%
57,596,434,72.82%
Total,"37,745","27,946",74.04%
,,,
Ward 42,,,
Precinct,Registered Voters,Ballots Cast,Turnout
1,706,605,85.69%
2,574,433,75.44%
3,774,625,80.75%
4,563,491,87.21%
5,427,386,90.40%
6,787,659,83.74%
7,605,490,80.99%
8,749,618,82.51%
9,1806,1382,76.52%
10,443,367,82.84%
11,610,517,84.75%
12,444,369,83.11%
13,713,599,84.01%
14,815,638,78.28%
15,616,523,84.90%
16,419,353,84.25%
17,1220,924,75.74%
18,1375,1144,83.20%
19,415,334,80.48%
20,557,424,76.12%
21,563,458,81.35%
22,800,624,78.00%
23,634,516,81.39%
24,733,620,84.58%
25,543,429,79.01%
26,636,485,76.26%
27,704,556,78.98%
28,523,446,85.28%
29,622,498,80.06%
30,484,385,79.55%
31,629,522,82.99%
32,631,513,81.30%
33,575,528,91.83%
34,525,453,86.29%
35,423,356,84.16%
36,671,527,78.54%
37,505,401,79.41%
38,475,394,82.95%
39,382,248,64.92%
40,578,469,81.14%
41,1058,867,81.95%
42,401,316,78.80%
43,514,412,80.16%
44,990,793,80.10%
45,555,472,85.05%
46,777,518,66.67%
47,338,284,84.02%
48,573,447,78.01%
49,444,280,63.06%
50,723,614,84.92%
51,757,641,84.68%
52,299,267,89.30%
53,724,599,82.73%
54,517,438,84.72%
55,743,615,82.77%
56,987,821,83.18%
57,637,501,78.65%
58,637,498,78.18%
59,1117,875,78.33%
60,466,370,79.40%
61,459,362,78.87%
62,341,280,82.11%
63,457,402,87.96%
64,312,238,76.28%
65,750,573,76.40%
66,709,555,78.28%
67,1447,1220,84.31%
68,845,679,80.36%
69,643,499,77.60%
Total,"45,474","36,745",80.80%
,,,
Ward 43,,,
Precinct,Registered Voters,Ballots Cast,Turnout
1,750,617,82.27%
2,760,633,83.29%
3,665,576,86.62%
4,832,719,86.42%
5,659,549,83.31%
6,634,478,75.39%
7,743,587,79.00%
8,799,653,81.73%
9,695,600,86.33%
10,757,605,79.92%
11,610,518,84.92%
12,810,702,86.67%
13,424,357,84.20%
14,448,366,81.70%
15,510,450,88.24%
16,605,509,84.13%
17,768,657,85.55%
18,677,565,83.46%
19,694,537,77.38%
20,703,579,82.36%
21,717,590,82.29%
22,692,576,83.24%
23,481,427,88.77%
24,767,625,81.49%
25,616,520,84.42%
26,430,400,93.02%
27,544,456,83.82%
28,729,596,81.76%
29,673,541,80.39%
30,601,487,81.03%
31,778,654,84.06%
32,601,517,86.02%
33,665,538,80.90%
34,540,422,78.15%
35,682,575,84.31%
36,639,530,82.94%
37,666,576,86.49%
38,658,541,82.22%
39,421,358,85.04%
40,264,227,85.98%
41,442,362,81.90%
42,458,382,83.41%
43,722,482,66.76%
44,831,683,82.19%
45,258,201,77.91%
46,652,516,79.14%
47,589,474,80.48%
48,849,609,71.73%
49,621,524,84.38%
50,562,469,83.45%
51,750,574,76.53%
52,661,547,82.75%
53,735,584,79.46%
54,549,465,84.70%
55,564,463,82.09%
56,625,491,78.56%
57,735,543,73.88%
58,569,483,84.89%
59,490,425,86.73%
Total,"37,369","30,690",82.13%
,,,
Ward 44,,,
Precinct,Registered Voters,Ballots Cast,Turnout
1,464,413,89.01%
2,429,391,91.14%
3,502,430,85.66%
4,572,458,80.07%
5,904,718,79.42%
6,895,743,83.02%
7,590,519,87.97%
8,490,367,74.90%
9,674,595,88.28%
10,702,545,77.64%
11,775,664,85.68%
12,474,413,87.13%
13,518,451,87.07%
14,756,591,78.17%
15,846,686,81.09%
16,817,713,87.27%
17,692,587,84.83%
18,655,531,81.07%
19,462,421,91.13%
20,873,726,83.16%
21,1015,816,80.39%
22,727,579,79.64%
23,748,632,84.49%
24,572,509,88.99%
25,805,717,89.07%
26,689,584,84.76%
27,959,820,85.51%
28,647,531,82.07%
29,957,803,83.91%
30,672,553,82.29%
31,935,761,81.39%
32,530,448,84.53%
33,921,803,87.19%
34,511,449,87.87%
35,514,432,84.05%
36,890,756,84.94%
37,814,692,85.01%
38,858,676,78.79%
39,920,776,84.35%
40,837,698,83.39%
41,700,601,85.86%
42,998,804,80.56%
43,905,799,88.29%
44,809,677,83.68%
45,939,804,85.62%
46,459,420,91.50%
47,1084,902,83.21%
48,362,321,88.67%
49,877,759,86.55%
50,858,722,84.15%
51,692,567,81.94%
Total,"37,294","31,373",84.12%
,,,
Ward 45,,,
Precinct,Registered Voters,Ballots Cast,Turnout
1,579,389,67.18%
2,671,495,73.77%
3,594,439,73.91%
4,696,546,78.45%
5,622,495,79.58%
6,625,445,71.20%
7,665,490,73.68%
8,568,372,65.49%
9,666,478,71.77%
10,823,576,69.99%
11,590,428,72.54%
12,630,484,76.83%
13,673,482,71.62%
14,773,512,66.24%
15,648,467,72.07%
16,648,485,74.85%
17,530,368,69.43%
18,527,406,77.04%
19,548,438,79.93%
20,625,426,68.16%
21,612,438,71.57%
22,612,431,70.42%
23,615,462,75.12%
24,723,542,74.97%
25,654,471,72.02%
26,627,474,75.60%
27,584,404,69.18%
28,603,413,68.49%
29,707,534,75.53%
30,585,432,73.85%
31,679,503,74.08%
32,479,308,64.30%
33,557,385,69.12%
34,514,349,67.90%
35,600,450,75.00%
36,463,393,84.88%
37,729,502,68.86%
38,684,514,75.15%
39,648,500,77.16%
40,646,477,73.84%
41,475,323,68.00%
42,535,389,72.71%
43,602,393,65.28%
44,601,458,76.21%
45,534,363,67.98%
46,620,451,72.74%
47,638,450,70.53%
48,598,448,74.92%
49,530,403,76.04%
50,613,404,65.91%
51,632,441,69.78%
52,573,410,71.55%
53,485,357,73.61%
Total,"32,458","23,493",72.38%
,,,
Ward 46,,,
Precinct,Registered Voters,Ballots Cast,Turnout
1,815,700,85.89%
2,692,569,82.23%
3,795,649,81.64%
4,776,537,69.20%
5,712,538,75.56%
6,888,664,74.77%
7,476,410,86.13%
8,842,614,72.92%
9,731,609,83.31%
10,630,502,79.68%
11,817,598,73.19%
12,734,613,83.51%
13,781,637,81.56%
14,626,489,78.12%
15,710,613,86.34%
16,571,489,85.64%
17,778,634,81.49%
18,640,548,85.63%
19,786,660,83.97%
20,607,464,76.44%
21,317,248,78.23%
22,764,484,63.35%
23,571,439,76.88%
24,788,592,75.13%
25,958,709,74.01%
26,839,585,69.73%
27,944,759,80.40%
28,843,716,84.93%
29,515,438,85.05%
30,722,565,78.25%
31,663,590,88.99%
32,762,431,56.56%
33,753,609,80.88%
34,798,620,77.69%
35,843,628,74.50%
36,616,498,80.84%
37,547,461,84.28%
38,714,466,65.27%
39,734,616,83.92%
40,707,446,63.08%
41,850,580,68.24%
42,824,586,71.12%
43,889,705,79.30%
44,690,541,78.41%
45,754,595,78.91%
46,619,462,74.64%
47,522,307,58.81%
Total,"33,953","26,213",77.20%
,,,
Ward 47,,,
Precinct,Registered Voters,Ballots Cast,Turnout
1,740,661,89.32%
2,446,388,87.00%
3,463,414,89.42%
4,599,532,88.81%
5,686,579,84.40%
6,635,575,90.55%
7,627,530,84.53%
8,801,637,79.53%
9,431,377,87.47%
10,517,491,94.97%
11,1002,888,88.62%
12,612,527,86.11%
13,692,661,95.52%
14,520,415,79.81%
15,728,619,85.03%
16,562,477,84.88%
17,628,508,80.89%
18,706,624,88.39%
19,645,560,86.82%
20,746,623,83.51%
21,587,522,88.93%
22,584,512,87.67%
23,319,288,90.28%
24,860,727,84.53%
25,872,723,82.91%
26,1092,963,88.19%
27,645,571,88.53%
28,785,679,86.50%
29,768,630,82.03%
30,813,640,78.72%
31,696,599,86.06%
32,741,626,84.48%
33,625,525,84.00%
34,800,678,84.75%
35,911,814,89.35%
36,1017,895,88.00%
37,809,754,93.20%
38,710,655,92.25%
39,644,600,93.17%
40,641,561,87.52%
41,1085,923,85.07%
42,585,498,85.13%
43,469,405,86.35%
44,818,655,80.07%
45,646,563,87.15%
46,553,461,83.36%
47,602,531,88.21%
48,84,72,85.71%
49,498,385,77.31%
50,694,584,84.15%
51,391,338,86.45%
52,248,216,87.10%
Total,"34,378","29,679",86.33%
,,,
Ward 48,,,
Precinct,Registered Voters,Ballots Cast,Turnout
1,681,543,79.74%
2,489,392,80.16%
3,910,734,80.66%
4,769,572,74.38%
5,438,375,85.62%
6,872,629,72.13%
7,503,415,82.50%
8,440,355,80.68%
9,537,426,79.33%
10,414,344,83.09%
11,656,533,81.25%
12,652,527,80.83%
13,502,399,79.48%
14,820,564,68.78%
15,587,416,70.87%
16,585,485,82.91%
17,706,603,85.41%
18,568,393,69.19%
19,500,392,78.40%
20,332,269,81.02%
21,709,539,76.02%
22,606,522,86.14%
23,552,389,70.47%
24,681,440,64.61%
25,651,509,78.19%
26,614,501,81.60%
27,430,310,72.09%
28,415,340,81.93%
29,418,315,75.36%
30,492,425,86.38%
31,651,460,70.66%
32,599,468,78.13%
33,379,321,84.70%
34,812,582,71.67%
35,393,226,57.51%
36,419,352,84.01%
37,573,459,80.10%
38,549,460,83.79%
39,453,376,83.00%
40,501,375,74.85%
41,522,409,78.35%
42,472,393,83.26%
43,724,613,84.67%
44,715,569,79.58%
45,523,405,77.44%
46,487,396,81.31%
47,688,515,74.85%
48,583,475,81.48%
49,350,247,70.57%
50,601,507,84.36%
51,635,558,87.87%
52,577,412,71.40%
53,424,279,65.80%
54,657,470,71.54%
Total,"30,816","23,983",77.83%
,,,
Ward 49,,,
Precinct,Registered Voters,Ballots Cast,Turnout
1,729,531,72.84%
2,754,595,78.91%
3,379,321,84.70%
4,352,261,74.15%
5,674,501,74.33%
6,623,536,86.04%
7,456,376,82.46%
8,614,517,84.20%
9,498,395,79.32%
10,497,404,81.29%
11,497,352,70.82%
12,622,507,81.51%
13,617,535,86.71%
14,526,441,83.84%
15,698,458,65.62%
16,472,366,77.54%
17,276,185,67.03%
18,347,290,83.57%
19,687,424,61.72%
20,795,555,69.81%
21,208,174,83.65%
22,516,387,75.00%
23,569,444,78.03%
24,592,451,76.18%
25,609,539,88.51%
26,626,493,78.75%
27,906,768,84.77%
28,499,370,74.15%
29,691,584,84.52%
30,566,503,88.87%
31,439,370,84.28%
32,412,336,81.55%
33,435,367,84.37%
34,668,492,73.65%
35,649,544,83.82%
36,796,716,89.95%
37,817,698,85.43%
38,536,423,78.92%
39,629,479,76.15%
40,510,408,80.00%
41,557,448,80.43%
42,710,561,79.01%
Total,"24,053","19,105",79.43%
,,,
Ward 50,,,
Precinct,Registered Voters,Ballots Cast,Turnout
1,681,530,77.83%
2,751,543,72.30%
3,529,416,78.64%
4,613,452,73.74%
5,668,504,75.45%
6,453,315,69.54%
7,583,461,79.07%
8,700,428,61.14%
9,598,391,65.38%
10,588,407,69.22%
11,584,464,79.45%
12,298,240,80.54%
13,915,569,62.19%
14,228,187,82.02%
15,580,483,83.28%
16,238,205,86.13%
17,754,440,58.36%
18,602,393,65.28%
19,665,419,63.01%
20,606,444,73.27%
21,583,443,75.99%
22,879,633,72.01%
23,598,387,64.72%
24,874,575,65.79%
25,666,445,66.82%
26,725,416,57.38%
27,202,156,77.23%
28,694,453,65.27%
29,724,490,67.68%
30,568,378,66.55%
31,184,145,78.80%
32,771,531,68.87%
33,593,414,69.81%
34,679,425,62.59%
35,662,518,78.25%
36,600,441,73.50%
37,627,468,74.64%
38,268,240,89.55%
39,608,401,65.95%
40,719,544,75.66%
41,691,534,77.28%
42,527,400,75.90%
43,792,526,66.41%
44,530,365,68.87%
45,336,231,68.75%
Total,"26,734","18,850",70.51%