Ward,Precinct,Registered Voters,Ballots Cast,Turnout
1,1,835,545,65.27%
1,2,825,585,70.91%
1,3,587,465,79.22%
1,4,678,483,71.24%
1,5,796,617,77.51%
1,6,646,468,72.45%
1,7,707,478,67.61%
1,8,752,560,74.47%
1,9,578,405,70.07%
1,10,792,606,76.52%
1,11,591,439,74.28%
1,12,821,683,83.19%
1,13,858,596,69.46%
1,14,599,458,76.46%
1,15,624,373,59.78%
1,16,308,204,66.23%
1,17,562,431,76.69%
1,18,640,461,72.03%
1,19,492,324,65.85%
1,20,671,506,75.41%
1,21,555,426,76.76%
1,22,656,412,62.80%
1,23,560,419,74.82%
1,24,798,617,77.32%
1,25,645,434,67.29%
1,26,688,525,76.31%
1,27,564,368,65.25%
1,28,519,323,62.24%
1,29,676,515,76.18%
1,30,912,672,73.68%
1,31,883,740,83.81%
1,32,728,489,67.17%
1,33,722,518,71.75%
1,34,556,375,67.45%
1,35,607,507,83.53%
1,36,721,543,75.31%
1,37,676,464,68.64%
1,38,453,313,69.09%
1,39,744,520,69.89%
1,40,397,250,62.97%
1,41,626,412,65.81%
1,42,602,454,75.42%
1,43,651,408,62.67%
1,44,598,423,70.74%
1,45,764,500,65.45%
1,46,699,520,74.39%
1,47,708,542,76.55%
1,48,450,325,72.22%
1,49,483,364,75.36%
1,50,605,421,69.59%
2,1,1173,993,84.65%
2,2,347,217,62.54%
2,3,1079,745,69.05%
2,4,619,481,77.71%
2,5,734,534,72.75%
2,6,1112,891,80.13%
2,7,618,533,86.25%
2,8,827,685,82.83%
2,9,591,531,89.85%
2,10,488,409,83.81%
2,11,691,613,88.71%
2,12,1153,888,77.02%
2,13,797,587,73.65%
2,14,543,482,88.77%
2,15,416,335,80.53%
2,16,1217,977,80.28%
2,17,665,469,70.53%
2,18,591,492,83.25%
2,19,875,769,87.89%
2,20,675,537,79.56%
2,21,600,477,79.50%
2,22,789,666,84.41%
2,23,468,366,78.21%
2,24,1001,711,71.03%
2,25,974,762,78.23%
2,26,620,521,84.03%
2,27,586,418,71.33%
2,28,693,455,65.66%
2,29,444,319,71.85%
2,30,866,729,84.18%
2,31,572,440,76.92%
2,32,504,388,76.98%
2,33,671,343,51.12%
2,34,508,381,75.00%
2,35,592,233,39.36%
2,36,955,812,85.03%
2,37,538,461,85.69%
2,38,903,809,89.59%
2,39,786,606,77.10%
2,40,1430,1164,81.40%
2,41,451,325,72.06%
2,42,287,251,87.46%
2,43,683,554,81.11%
2,44,438,324,73.97%
2,45,847,550,64.94%
2,46,689,533,77.36%
2,47,537,343,63.87%
2,48,490,325,66.33%
2,49,601,430,71.55%
2,50,516,386,74.81%
2,51,555,419,75.50%
2,52,909,653,71.84%
2,53,880,686,77.95%
2,54,795,698,87.80%
2,55,350,301,86.00%
2,56,568,401,70.60%
3,1,585,432,73.85%
3,2,618,506,81.88%
3,3,685,589,85.99%
3,4,459,333,72.55%
3,5,551,361,65.52%
3,6,627,403,64.27%
3,7,555,418,75.32%
3,8,728,546,75.00%
3,9,505,396,78.42%
3,10,313,202,64.54%
3,11,603,458,75.95%
3,12,595,424,71.26%
3,13,488,262,53.69%
3,14,346,267,77.17%
3,15,741,512,69.10%
3,16,439,330,75.17%
3,17,356,265,74.44%
3,18,347,230,66.28%
3,19,290,140,48.28%
3,20,432,351,81.25%
3,21,395,264,66.84%
3,22,340,246,72.35%
3,23,659,485,73.60%
3,24,716,555,77.51%
3,25,474,335,70.68%
3,26,251,187,74.50%
3,27,649,428,65.95%
3,28,1088,979,89.98%
3,29,398,374,93.97%
3,30,442,318,71.95%
3,31,707,580,82.04%
3,32,494,397,80.36%
3,33,823,600,72.90%
3,34,413,334,80.87%
3,35,564,444,78.72%
3,36,285,177,62.11%
3,37,249,169,67.87%
3,38,635,511,80.47%
3,39,569,422,74.17%
3,40,499,373,74.75%
3,41,581,366,62.99%
3,42,603,459,76.12%
3,43,274,152,55.47%
3,44,319,192,60.19%
3,45,747,575,76.97%
3,46,189,121,64.02%
3,47,415,269,64.82%
3,48,494,323,65.38%
3,49,205,163,79.51%
3,50,492,335,68.09%
4,1,912,776,85.09%
4,2,771,668,86.64%
4,3,774,643,83.07%
4,4,778,581,74.68%
4,5,740,585,79.05%
4,6,190,154,81.05%
4,7,782,581,74.30%
4,8,796,588,73.87%
4,9,833,708,84.99%
4,10,702,590,84.05%
4,11,612,563,91.99%
4,12,401,290,72.32%
4,13,437,360,82.38%
4,14,649,477,73.50%
4,15,536,416,77.61%
4,16,860,640,74.42%
4,17,659,526,79.82%
4,18,708,552,77.97%
4,19,696,573,82.33%
4,20,420,368,87.62%
4,21,718,571,79.53%
4,22,674,565,83.83%
4,23,474,378,79.75%
4,24,698,539,77.22%
4,25,516,412,79.84%
4,26,714,591,82.77%
4,27,539,443,82.19%
4,28,428,337,78.74%
4,29,468,408,87.18%
4,30,465,413,88.82%
4,31,386,349,90.41%
4,32,628,520,82.80%
4,33,497,428,86.12%
4,34,458,367,80.13%
4,35,499,385,77.15%
4,36,444,365,82.21%
4,37,231,101,43.72%
4,38,815,687,84.29%
4,39,438,373,85.16%
4,40,718,556,77.44%
4,41,391,280,71.61%
4,42,602,540,89.70%
4,43,382,334,87.43%
4,44,386,338,87.56%
4,45,754,631,83.69%
4,46,474,384,81.01%
4,47,931,726,77.98%
4,48,612,516,84.31%
4,49,551,367,66.61%
4,50,608,473,77.80%
4,51,523,471,90.06%
4,52,726,575,79.20%
5,1,773,572,74.00%
5,2,659,463,70.26%
5,3,345,261,75.65%
5,4,407,317,77.89%
5,5,687,504,73.36%
5,6,757,565,74.64%
5,7,674,500,74.18%
5,8,651,554,85.10%
5,9,595,463,77.82%
5,10,599,459,76.63%
5,11,480,410,85.42%
5,12,528,345,65.34%
5,13,577,457,79.20%
5,14,690,567,82.17%
5,15,490,382,77.96%
5,16,572,408,71.33%
5,17,693,544,78.50%
5,18,641,496,77.38%
5,19,406,292,71.92%
5,20,490,317,64.69%
5,21,703,513,72.97%
5,22,533,448,84.05%
5,23,543,346,63.72%
5,24,365,314,86.03%
5,25,795,570,71.70%
5,26,700,568,81.14%
5,27,984,684,69.51%
5,28,606,481,79.37%
5,29,582,464,79.73%
5,30,498,410,82.33%
5,31,635,516,81.26%
5,32,749,632,84.38%
5,33,354,271,76.55%
5,34,698,535,76.65%
5,35,479,393,82.05%
5,36,515,349,67.77%
5,37,453,373,82.34%
5,38,530,424,80.00%
5,39,657,529,80.52%
5,40,816,606,74.26%
5,41,526,420,79.85%
5,42,754,565,74.93%
5,43,576,454,78.82%
5,44,734,570,77.66%
5,45,397,276,69.52%
5,46,711,535,75.25%
5,47,582,470,80.76%
5,48,378,315,83.33%
5,49,153,108,70.59%
5,50,646,421,65.17%
5,51,522,382,73.18%
5,52,150,119,79.33%
5,53,570,471,82.63%
5,54,810,605,74.69%
5,55,504,418,82.94%
6,1,609,488,80.13%
6,2,634,494,77.92%
6,3,635,508,80.00%
6,4,712,489,68.68%
6,5,544,335,61.58%
6,6,479,375,78.29%
6,7,750,550,73.33%
6,8,677,545,80.50%
6,9,601,415,69.05%
6,10,620,539,86.94%
6,11,589,451,76.57%
6,12,728,504,69.23%
6,13,628,427,67.99%
6,14,760,553,72.76%
6,15,726,463,63.77%
6,16,693,494,71.28%
6,17,627,494,78.79%
6,18,612,361,58.99%
6,19,723,553,76.49%
6,20,690,490,71.01%
6,21,564,436,77.30%
6,22,625,459,73.44%
6,23,544,404,74.26%
6,24,667,488,73.16%
6,25,477,370,77.57%
6,26,776,526,67.78%
6,27,761,563,73.98%
6,28,904,694,76.77%
6,29,637,499,78.34%
6,30,709,479,67.56%
6,31,689,508,73.73%
6,32,748,566,75.67%
6,33,788,589,74.75%
6,34,583,441,75.64%
6,35,593,400,67.45%
6,36,497,339,68.21%
6,37,605,470,77.69%
6,38,736,538,73.10%
6,39,661,498,75.34%
6,40,473,323,68.29%
6,41,581,450,77.45%
6,42,545,372,68.26%
6,43,702,514,73.22%
6,44,642,472,73.52%
6,45,521,391,75.05%
6,46,525,434,82.67%
6,47,613,479,78.14%
6,48,640,448,70.00%
6,49,766,545,71.15%
6,50,603,445,73.80%
6,51,444,344,77.48%
6,52,552,371,67.21%
6,53,573,446,77.84%
6,54,659,491,74.51%
6,55,608,477,78.45%
6,56,489,343,70.14%
6,57,408,300,73.53%
6,58,590,458,77.63%
6,59,530,415,78.30%
6,60,400,302,75.50%
6,61,431,310,71.93%
6,62,683,486,71.16%
6,63,556,444,79.86%
6,64,631,467,74.01%
7,1,784,618,78.83%
7,2,806,530,65.76%
7,3,529,388,73.35%
7,4,711,419,58.93%
7,5,673,410,60.92%
7,6,633,421,66.51%
7,7,570,394,69.12%
7,8,324,196,60.49%
7,9,518,401,77.41%
7,10,523,366,69.98%
7,11,549,444,80.87%
7,12,471,329,69.85%
7,13,458,314,68.56%
7,14,736,552,75.00%
7,15,402,275,68.41%
7,16,562,366,65.12%
7,17,493,326,66.13%
7,18,543,385,70.90%
7,19,910,635,69.78%
7,20,449,310,69.04%
7,21,685,443,64.67%
7,22,500,322,64.40%
7,23,765,551,72.03%
7,24,485,368,75.88%
7,25,648,479,73.92%
7,26,777,515,66.28%
7,27,688,549,79.80%
7,28,808,633,78.34%
7,29,637,466,73.16%
7,30,502,380,75.70%
7,31,446,351,78.70%
7,32,658,416,63.22%
7,33,388,288,74.23%
7,34,468,354,75.64%
7,35,803,614,76.46%
7,36,626,452,72.20%
7,37,288,200,69.44%
7,38,451,325,72.06%
7,39,595,503,84.54%
7,40,774,560,72.35%
7,41,415,320,77.11%
7,42,956,703,73.54%
7,43,651,447,68.66%
7,44,1026,745,72.61%
7,45,612,519,84.80%
7,46,277,219,79.06%
7,47,487,367,75.36%
7,48,458,355,77.51%
7,49,295,218,73.90%
7,50,321,273,85.05%
7,51,901,680,75.47%
7,52,457,309,67.61%
7,53,409,341,83.37%
7,54,329,208,63.22%
7,55,455,323,70.99%
7,56,531,388,73.07%
7,57,517,343,66.34%
7,58,486,401,82.51%
7,59,370,252,68.11%
7,60,359,284,79.11%
7,61,437,341,78.03%
8,1,520,434,83.46%
8,2,307,244,79.48%
8,3,574,479,83.45%
8,4,499,413,82.77%
8,5,537,416,77.47%
8,6,586,415,70.82%
8,7,558,409,73.30%
8,8,548,420,76.64%
8,9,619,463,74.80%
8,10,611,510,83.47%
8,11,617,443,71.80%
8,12,583,473,81.13%
8,13,497,395,79.48%
8,14,689,497,72.13%
8,15,472,345,73.09%
8,16,491,409,83.30%
8,17,446,358,80.27%
8,18,520,375,72.12%
8,19,639,493,77.15%
8,20,483,360,74.53%
8,21,428,322,75.23%
8,22,565,420,74.34%
8,23,558,421,75.45%
8,24,573,441,76.96%
8,25,590,442,74.92%
8,26,513,372,72.51%
8,27,621,473,76.17%
8,28,474,368,77.64%
8,29,670,513,76.57%
8,30,502,366,72.91%
8,31,510,342,67.06%
8,32,831,643,77.38%
8,33,519,397,76.49%
8,34,743,547,73.62%
8,35,627,492,78.47%
8,36,577,407,70.54%
8,37,786,581,73.92%
8,38,635,469,73.86%
8,39,585,446,76.24%
8,40,608,478,78.62%
8,41,523,385,73.61%
8,42,522,416,79.69%
8,43,635,453,71.34%
8,44,394,324,82.23%
8,45,581,421,72.46%
8,46,510,370,72.55%
8,47,543,419,77.16%
8,48,530,379,71.51%
8,49,708,540,76.27%
8,50,558,425,76.16%
8,51,677,515,76.07%
8,52,523,411,78.59%
8,53,620,479,77.26%
8,54,646,462,71.52%
8,55,812,574,70.69%
8,56,721,506,70.18%
8,57,532,397,74.62%
8,58,533,443,83.11%
8,59,420,313,74.52%
8,60,539,378,70.13%
8,61,488,385,78.89%
8,62,448,343,76.56%
8,63,520,391,75.19%
8,64,598,443,74.08%
8,65,340,271,79.71%
8,66,804,647,80.47%
8,67,386,295,76.42%
8,68,503,376,74.75%
8,69,482,341,70.75%
8,70,886,677,76.41%
9,1,672,488,72.62%
9,2,767,546,71.19%
9,3,470,342,72.77%
9,4,590,437,74.07%
9,5,795,520,65.41%
9,6,712,511,71.77%
9,7,680,451,66.32%
9,8,761,533,70.04%
9,9,637,501,78.65%
9,10,610,443,72.62%
9,11,622,403,64.79%
9,12,673,483,71.77%
9,13,626,437,69.81%
9,14,816,588,72.06%
9,15,753,520,69.06%
9,16,711,470,66.10%
9,17,661,466,70.50%
9,18,711,484,68.07%
9,19,675,511,75.70%
9,20,642,448,69.78%
9,21,702,477,67.95%
9,22,723,507,70.12%
9,23,562,392,69.75%
9,24,299,291,97.32%
9,25,513,352,68.62%
9,26,502,416,82.87%
9,27,659,458,69.50%
9,28,764,389,50.92%
9,29,665,507,76.24%
9,30,635,440,69.29%
9,31,640,435,67.97%
9,32,705,483,68.51%
9,33,544,370,68.01%
9,34,676,444,65.68%
9,35,665,488,73.38%
9,36,734,539,73.43%
9,37,496,385,77.62%
9,38,787,559,71.03%
9,39,773,530,68.56%
9,40,711,478,67.23%
9,41,709,504,71.09%
9,42,441,332,75.28%
9,43,625,373,59.68%
9,44,672,397,59.08%
9,45,587,375,63.88%
9,46,611,441,72.18%
9,47,704,498,70.74%
9,48,589,451,76.57%
9,49,645,419,64.96%
9,50,709,481,67.84%
9,51,385,274,71.17%
9,52,604,451,74.67%
9,53,432,307,71.06%
10,1,662,412,62.24%
10,2,434,271,62.44%
10,3,505,350,69.31%
10,4,696,387,55.60%
10,5,598,334,55.85%
10,6,560,366,65.36%
10,7,187,111,59.36%
10,8,491,330,67.21%
10,9,459,319,69.50%
10,10,548,343,62.59%
10,11,560,371,66.25%
10,12,560,320,57.14%
10,13,441,288,65.31%
10,14,638,388,60.82%
10,15,357,182,50.98%
10,16,457,321,70.24%
10,17,437,281,64.30%
10,18,752,403,53.59%
10,19,607,401,66.06%
10,20,479,285,59.50%
10,21,597,323,54.10%
10,22,518,342,66.02%
10,23,660,325,49.24%
10,24,431,285,66.13%
10,25,910,518,56.92%
10,26,633,337,53.24%
10,27,653,410,62.79%
10,28,368,282,76.63%
10,29,516,362,70.16%
10,30,714,418,58.54%
10,31,660,407,61.67%
10,32,647,388,59.97%
10,33,648,387,59.72%
10,34,645,360,55.81%
10,35,700,347,49.57%
10,36,586,401,68.43%
10,37,610,378,61.97%
10,38,627,423,67.46%
10,39,566,346,61.13%
10,40,577,310,53.73%
10,41,564,409,72.52%
10,42,495,342,69.09%
10,43,440,251,57.05%
10,44,733,376,51.30%
10,45,464,250,53.88%
10,46,637,389,61.07%
10,47,506,285,56.32%
10,48,618,351,56.80%
11,1,701,452,64.48%
11,2,554,399,72.02%
11,3,436,309,70.87%
11,4,716,458,63.97%
11,5,490,309,63.06%
11,6,710,481,67.75%
11,7,460,327,71.09%
11,8,622,401,64.47%
11,9,489,286,58.49%
11,10,335,234,69.85%
11,11,881,597,67.76%
11,12,499,357,71.54%
11,13,618,371,60.03%
11,14,593,369,62.23%
11,15,434,302,69.59%
11,16,691,470,68.02%
11,17,716,524,73.18%
11,18,431,260,60.32%
11,19,586,381,65.02%
11,20,331,259,78.25%
11,21,398,312,78.39%
11,22,422,311,73.70%
11,23,428,295,68.93%
11,24,677,533,78.73%
11,25,518,406,78.38%
11,26,830,533,64.22%
11,27,655,428,65.34%
11,28,480,270,56.25%
11,29,601,428,71.21%
11,30,629,428,68.04%
11,31,323,239,73.99%
11,32,388,260,67.01%
11,33,366,247,67.49%
11,34,372,255,68.55%
11,35,637,468,73.47%
11,36,193,113,58.55%
11,37,539,436,80.89%
11,38,608,483,79.44%
11,39,589,458,77.76%
11,40,318,216,67.92%
11,41,328,218,66.46%
11,42,422,286,67.77%
11,43,693,436,62.91%
11,44,592,395,66.72%
11,45,340,224,65.88%
11,46,292,210,71.92%
11,47,591,379,64.13%
11,48,175,136,77.71%
11,49,378,292,77.25%
11,50,406,251,61.82%
12,1,456,214,46.93%
12,2,476,282,59.24%
12,3,581,309,53.18%
12,4,408,214,52.45%
12,5,459,268,58.39%
12,6,534,219,41.01%
12,7,724,382,52.76%
12,8,737,476,64.59%
12,9,529,260,49.15%
12,10,643,302,46.97%
12,11,783,408,52.11%
12,12,524,289,55.15%
12,13,702,436,62.11%
12,14,570,317,55.61%
12,15,520,256,49.23%
12,16,512,276,53.91%
12,17,576,315,54.69%
12,18,654,361,55.20%
12,19,673,407,60.48%
12,20,489,267,54.60%
12,21,586,353,60.24%
12,22,534,231,43.26%
12,23,462,309,66.88%
12,24,537,327,60.89%
13,1,325,370,113.85%
13,2,287,283,98.61%
13,3,528,483,91.48%
13,4,727,577,79.37%
13,5,503,431,85.69%
13,6,427,400,93.68%
13,7,370,337,91.08%
13,8,415,388,93.49%
13,9,468,413,88.25%
13,10,346,329,95.09%
13,11,330,403,122.12%
13,12,420,372,88.57%
13,13,458,399,87.12%
13,14,409,403,98.53%
13,15,495,520,105.05%
13,16,518,473,91.31%
13,17,422,391,92.65%
13,18,351,338,96.30%
13,19,420,534,127.14%
13,20,522,416,79.69%
13,21,419,437,104.30%
13,22,372,342,91.94%
13,23,336,363,108.04%
13,24,417,352,84.41%
13,25,480,377,78.54%
13,26,413,408,98.79%
13,27,391,375,95.91%
13,28,361,294,81.44%
13,29,328,327,99.70%
13,30,425,534,125.65%
13,31,417,475,113.91%
13,32,336,407,121.13%
13,33,395,374,94.68%
13,34,491,500,101.83%
13,35,376,376,100.00%
13,36,272,238,87.50%
13,37,404,369,91.34%
13,38,461,427,92.62%
13,39,420,393,93.57%
13,40,536,456,85.07%
13,41,330,291,88.18%
13,42,278,329,118.35%
13,43,359,364,101.39%
13,44,361,422,116.90%
13,45,533,468,87.80%
13,46,520,412,79.23%
13,47,459,482,105.01%
14,1,279,213,76.34%
14,2,349,266,76.22%
14,3,439,372,84.74%
14,4,389,270,69.41%
14,5,560,432,77.14%
14,6,383,285,74.41%
14,7,376,274,72.87%
14,8,284,206,72.54%
14,9,364,308,84.62%
14,10,385,331,85.97%
14,11,329,267,81.16%
14,12,312,253,81.09%
14,13,371,303,81.67%
14,14,298,254,85.23%
14,15,376,331,88.03%
14,16,474,337,71.10%
14,17,372,321,86.29%
14,18,436,316,72.48%
14,19,486,389,80.04%
14,20,381,277,72.70%
14,21,339,306,90.27%
14,22,541,390,72.09%
14,23,464,376,81.03%
14,24,285,194,68.07%
14,25,394,284,72.08%
14,26,500,346,69.20%
14,27,529,399,75.43%
14,28,412,339,82.28%
14,29,448,363,81.03%
14,30,309,266,86.08%
14,31,314,277,88.22%
14,32,294,229,77.89%
14,33,285,233,81.75%
14,34,336,258,76.79%
14,35,449,333,74.16%
15,1,420,249,59.29%
15,2,458,300,65.50%
15,3,506,340,67.19%
15,4,572,387,67.66%
15,5,575,351,61.04%
15,6,670,450,67.16%
15,7,532,351,65.98%
15,8,739,551,74.56%
15,9,537,388,72.25%
15,10,508,300,59.06%
15,11,626,440,70.29%
15,12,345,206,59.71%
15,13,513,315,61.40%
15,14,586,387,66.04%
15,15,589,381,64.69%
15,16,447,266,59.51%
15,17,533,328,61.54%
15,18,485,274,56.49%
15,19,542,326,60.15%
15,20,424,283,66.75%
15,21,483,349,72.26%
15,22,785,506,64.46%
15,23,431,263,61.02%
15,24,497,343,69.01%
15,25,677,440,64.99%
15,26,502,327,65.14%
15,27,462,290,62.77%
15,28,570,376,65.96%
15,29,345,194,56.23%
15,30,757,439,57.99%
15,31,467,306,65.52%
15,32,720,431,59.86%
15,33,523,324,61.95%
15,34,512,316,61.72%
15,35,558,352,63.08%
15,36,558,310,55.56%
15,37,440,277,62.95%
15,38,482,333,69.09%
15,39,544,357,65.63%
15,40,538,356,66.17%
15,41,723,490,67.77%
15,42,342,241,70.47%
15,43,513,314,61.21%
15,44,591,407,68.87%
15,45,287,220,76.66%
15,46,400,256,64.00%
15,47,548,385,70.26%
15,48,447,292,65.32%
15,49,520,332,63.85%
15,50,506,328,64.82%
15,51,401,261,65.09%
15,52,478,279,58.37%
16,1,524,313,59.73%
16,2,442,284,64.25%
16,3,586,348,59.39%
16,4,572,294,51.40%
16,5,563,351,62.34%
16,6,182,130,71.43%
16,7,556,358,64.39%
16,8,650,420,64.62%
16,9,594,386,64.98%
16,10,831,602,72.44%
16,11,713,462,64.80%
16,12,548,296,54.01%
16,13,480,306,63.75%
16,14,586,350,59.73%
16,15,613,445,72.59%
16,16,579,406,70.12%
16,17,455,265,58.24%
16,18,660,414,62.73%
16,19,746,435,58.31%
16,20,527,311,59.01%
16,21,520,327,62.88%
16,22,539,328,60.85%
16,23,575,357,62.09%
16,24,224,221,98.66%
16,25,414,280,67.63%
16,26,517,358,69.25%
16,27,613,408,66.56%
16,28,625,421,67.36%
16,29,526,320,60.84%
16,30,591,392,66.33%
16,31,591,400,67.68%
16,32,447,305,68.23%
16,33,408,267,65.44%
16,34,554,320,57.76%
16,35,636,417,65.57%
16,36,630,379,60.16%
16,37,451,274,60.75%
16,38,394,280,71.07%
16,39,554,376,67.87%
16,40,611,390,63.83%
16,41,281,201,71.53%
16,42,573,317,55.32%
16,43,682,441,64.66%
16,44,583,370,63.46%
17,1,402,281,69.90%
17,2,645,468,72.56%
17,3,493,329,66.73%
17,4,669,519,77.58%
17,5,487,352,72.28%
17,6,547,384,70.20%
17,7,682,491,71.99%
17,8,501,338,67.47%
17,9,419,273,65.16%
17,10,522,370,70.88%
17,11,598,430,71.91%
17,12,703,516,73.40%
17,13,494,304,61.54%
17,14,641,408,63.65%
17,15,666,480,72.07%
17,16,580,389,67.07%
17,17,493,344,69.78%
17,18,584,420,71.92%
17,19,326,207,63.50%
17,20,544,397,72.98%
17,21,567,423,74.60%
17,22,604,417,69.04%
17,23,416,277,66.59%
17,24,649,451,69.49%
17,25,457,326,71.33%
17,26,643,497,77.29%
17,27,741,544,73.41%
17,28,497,355,71.43%
17,29,544,415,76.29%
17,30,622,448,72.03%
17,31,544,365,67.10%
17,32,652,455,69.79%
17,33,466,316,67.81%
17,34,493,338,68.56%
17,35,349,247,70.77%
17,36,391,259,66.24%
17,37,564,353,62.59%
17,38,623,436,69.98%
17,39,536,346,64.55%
17,40,538,369,68.59%
17,41,467,319,68.31%
17,42,452,333,73.67%
17,43,526,367,69.77%
17,44,514,311,60.51%
17,45,446,293,65.70%
17,46,600,419,69.83%
17,47,355,249,70.14%
17,48,680,485,71.32%
17,49,404,283,70.05%
17,50,702,480,68.38%
17,51,602,471,78.24%
17,52,684,534,78.07%
17,53,499,344,68.94%
17,54,512,402,78.52%
17,55,476,351,73.74%
17,56,637,405,63.58%
17,57,650,447,68.77%
17,58,543,337,62.06%
17,59,359,236,65.74%
17,60,643,477,74.18%
17,61,515,347,67.38%
17,62,520,356,68.46%
17,63,671,386,57.53%
17,64,438,307,70.09%
18,1,344,251,72.97%
18,2,533,421,78.99%
18,3,443,331,74.72%
18,4,561,450,80.21%
18,5,694,483,69.60%
18,6,505,366,72.48%
18,7,535,420,78.50%
18,8,270,210,77.78%
18,9,558,457,81.90%
18,10,748,603,80.61%
18,11,577,422,73.14%
18,12,613,501,81.73%
18,13,639,523,81.85%
18,14,629,478,75.99%
18,15,362,259,71.55%
18,16,647,503,77.74%
18,17,586,423,72.18%
18,18,549,406,73.95%
18,19,664,504,75.90%
18,20,602,443,73.59%
18,21,713,609,85.41%
18,22,657,534,81.28%
18,23,542,416,76.75%
18,24,608,474,77.96%
18,25,625,460,73.60%
18,26,423,345,81.56%
18,27,701,510,72.75%
18,28,506,373,73.72%
18,29,612,445,72.71%
18,30,536,407,75.93%
18,31,628,465,74.04%
18,32,705,531,75.32%
18,33,578,423,73.18%
18,34,630,528,83.81%
18,35,696,533,76.58%
18,36,437,328,75.06%
18,37,460,369,80.22%
18,38,655,495,75.57%
18,39,689,467,67.78%
18,40,620,511,82.42%
18,41,542,427,78.78%
18,42,547,395,72.21%
18,43,556,388,69.78%
18,44,418,306,73.21%
18,45,550,432,78.55%
18,46,637,483,75.82%
18,47,684,484,70.76%
18,48,405,290,71.60%
18,49,564,410,72.70%
18,50,759,516,67.98%
18,51,767,570,74.32%
18,52,635,473,74.49%
18,53,540,374,69.26%
18,54,611,495,81.01%
18,55,557,410,73.61%
18,56,665,476,71.58%
18,57,490,359,73.27%
18,58,658,514,78.12%
18,59,468,363,77.56%
18,60,718,563,78.41%
18,61,587,419,71.38%
18,62,500,341,68.20%
19,1,522,473,90.61%
19,2,459,426,92.81%
19,3,473,408,86.26%
19,4,507,419,82.64%
19,5,539,493,91.47%
19,6,514,431,83.85%
19,7,521,464,89.06%
19,8,455,411,90.33%
19,9,430,362,84.19%
19,10,674,619,91.84%
19,11,609,534,87.68%
19,12,535,463,86.54%
19,13,428,395,92.29%
19,14,347,290,83.57%
19,15,511,440,86.11%
19,16,605,544,89.92%
19,17,555,481,86.67%
19,18,560,517,92.32%
19,19,545,501,91.93%
19,20,509,453,89.00%
19,21,425,365,85.88%
19,22,598,537,89.80%
19,23,598,529,88.46%
19,24,441,400,90.70%
19,25,619,539,87.08%
19,26,572,526,91.96%
19,27,389,365,93.83%
19,28,571,527,92.29%
19,29,453,381,84.11%
19,30,524,447,85.31%
19,31,499,448,89.78%
19,32,571,509,89.14%
19,33,590,528,89.49%
19,34,499,470,94.19%
19,35,491,432,87.98%
19,36,796,745,93.59%
19,37,534,489,91.57%
19,38,541,514,95.01%
19,39,313,301,96.17%
19,40,598,524,87.63%
19,41,422,370,87.68%
19,42,600,544,90.67%
19,43,652,616,94.48%
19,44,523,463,88.53%
19,45,565,492,87.08%
19,46,639,571,89.36%
19,47,380,354,93.16%
19,48,489,439,89.78%
19,49,631,586,92.87%
19,50,747,652,87.28%
19,51,423,373,88.18%
19,52,469,393,83.80%
19,53,521,459,88.10%
19,54,486,432,88.89%
19,55,491,411,83.71%
19,56,597,553,92.63%
19,57,589,545,92.53%
19,58,569,491,86.29%
19,59,531,471,88.70%
19,60,490,446,91.02%
19,61,629,571,90.78%
19,62,515,469,91.07%
19,63,384,331,86.20%
19,64,681,601,88.25%
19,65,426,356,83.57%
19,66,623,569,91.33%
20,1,657,439,66.82%
20,2,552,384,69.57%
20,3,595,389,65.38%
20,4,666,333,50.00%
20,5,451,293,64.97%
20,6,756,536,70.90%
20,7,252,161,63.89%
20,8,208,113,54.33%
20,9,673,479,71.17%
20,10,550,369,67.09%
20,11,453,343,75.72%
20,12,370,275,74.32%
20,13,477,356,74.63%
20,14,740,574,77.57%
20,15,703,367,52.20%
20,16,671,518,77.20%
20,17,486,333,68.52%
20,18,554,315,56.86%
20,19,567,360,63.49%
20,20,404,247,61.14%
20,21,372,211,56.72%
20,22,686,531,77.41%
20,23,793,609,76.80%
20,24,616,484,78.57%
20,25,485,342,70.52%
20,26,602,371,61.63%
20,27,510,354,69.41%
20,28,583,445,76.33%
20,29,668,485,72.60%
20,30,556,385,69.24%
20,31,619,484,78.19%
20,32,590,403,68.31%
20,33,720,501,69.58%
20,34,761,579,76.08%
20,35,372,295,79.30%
20,36,586,371,63.31%
20,37,627,454,72.41%
20,38,128,80,62.50%
20,39,576,398,69.10%
20,40,468,328,70.09%
20,41,334,164,49.10%
20,42,649,443,68.26%
20,43,160,115,71.88%
20,44,511,441,86.30%
20,45,437,278,63.62%
20,46,522,399,76.44%
20,47,550,360,65.45%
20,48,274,174,63.50%
20,49,426,304,71.36%
20,50,379,265,69.92%
21,1,788,607,77.03%
21,2,636,476,74.84%
21,3,515,373,72.43%
21,4,630,492,78.10%
21,5,628,428,68.15%
21,6,588,416,70.75%
21,7,564,450,79.79%
21,8,638,513,80.41%
21,9,713,535,75.04%
21,10,464,357,76.94%
21,11,599,460,76.79%
21,12,614,472,76.87%
21,13,342,250,73.10%
21,14,553,469,84.81%
21,15,568,430,75.70%
21,16,580,456,78.62%
21,17,587,438,74.62%
21,18,488,383,78.48%
21,19,475,366,77.05%
21,20,315,244,77.46%
21,21,689,517,75.04%
21,22,571,393,68.83%
21,23,468,346,73.93%
21,24,597,461,77.22%
21,25,419,318,75.89%
21,26,413,316,76.51%
21,27,594,435,73.23%
21,28,448,361,80.58%
21,29,336,269,80.06%
21,30,436,320,73.39%
21,31,760,572,75.26%
21,32,654,485,74.16%
21,33,581,444,76.42%
21,34,728,523,71.84%
21,35,403,304,75.43%
21,36,645,439,68.06%
21,37,678,511,75.37%
21,38,628,445,70.86%
21,39,542,400,73.80%
21,40,464,354,76.29%
21,41,535,386,72.15%
21,42,580,411,70.86%
21,43,559,430,76.92%
21,44,661,443,67.02%
21,45,472,368,77.97%
21,46,472,373,79.03%
21,47,661,482,72.92%
21,48,795,597,75.09%
21,49,626,525,83.87%
21,50,639,446,69.80%
21,51,608,470,77.30%
21,52,672,506,75.30%
21,53,646,442,68.42%
21,54,451,361,80.04%
21,55,695,499,71.80%
21,56,528,344,65.15%
21,57,575,431,74.96%
21,58,493,353,71.60%
21,59,688,552,80.23%
21,60,595,442,74.29%
21,61,685,521,76.06%
21,62,587,428,72.91%
21,63,502,394,78.49%
21,64,367,269,73.30%
21,65,654,506,77.37%
21,66,441,328,74.38%
21,67,617,468,75.85%
21,68,588,453,77.04%
21,69,460,374,81.30%
21,70,613,427,69.66%
21,71,472,350,74.15%
21,72,628,460,73.25%
21,73,811,592,73.00%
21,74,326,215,65.95%
22,1,502,259,51.59%
22,2,373,225,60.32%
22,3,579,336,58.03%
22,4,563,312,55.42%
22,5,597,353,59.13%
22,6,513,261,50.88%
22,7,503,380,75.55%
22,8,473,275,58.14%
22,9,584,340,58.22%
22,10,515,312,60.58%
22,11,618,302,48.87%
22,12,375,250,66.67%
22,13,696,373,53.59%
22,14,418,258,61.72%
22,15,517,285,55.13%
22,16,567,350,61.73%
22,17,559,312,55.81%
22,18,794,348,43.83%
22,19,481,320,66.53%
22,20,678,353,52.06%
22,21,560,405,72.32%
22,22,632,302,47.78%
22,23,629,347,55.17%
22,24,495,244,49.29%
22,25,433,237,54.73%
22,26,401,233,58.10%
22,27,730,403,55.21%
22,28,351,215,61.25%
22,29,487,232,47.64%
23,1,485,385,79.38%
23,2,537,451,83.99%
23,3,439,392,89.29%
23,4,585,408,69.74%
23,5,536,347,64.74%
23,6,511,430,84.15%
23,7,401,243,60.60%
23,8,571,439,76.88%
23,9,631,437,69.26%
23,10,498,444,89.16%
23,11,611,465,76.10%
23,12,508,400,78.74%
23,13,586,467,79.69%
23,14,401,268,66.83%
23,15,557,426,76.48%
23,16,529,419,79.21%
23,17,511,478,93.54%
23,18,424,341,80.42%
23,19,453,370,81.68%
23,20,448,350,78.13%
23,21,573,402,70.16%
23,22,579,431,74.44%
23,23,474,405,85.44%
23,24,447,322,72.04%
23,25,552,355,64.31%
23,26,515,406,78.83%
23,27,458,354,77.29%
23,28,542,406,74.91%
23,29,497,369,74.25%
23,30,495,367,74.14%
23,31,649,445,68.57%
23,32,550,461,83.82%
23,33,550,441,80.18%
23,34,587,368,62.69%
23,35,396,308,77.78%
23,36,633,518,81.83%
23,37,410,321,78.29%
23,38,453,344,75.94%
23,39,508,383,75.39%
23,40,513,444,86.55%
23,41,662,449,67.82%
23,42,437,332,75.97%
23,43,637,486,76.30%
23,44,480,389,81.04%
23,45,659,499,75.72%
23,46,498,413,82.93%
23,47,561,448,79.86%
23,48,477,403,84.49%
23,49,528,462,87.50%
23,50,437,302,69.11%
23,51,420,331,78.81%
23,52,580,467,80.52%
23,53,359,263,73.26%
23,54,627,480,76.56%
23,55,527,411,77.99%
23,56,512,375,73.24%
24,1,751,520,69.24%
24,2,692,370,53.47%
24,3,605,395,65.29%
24,4,618,394,63.75%
24,5,573,362,63.18%
24,6,727,474,65.20%
24,7,568,392,69.01%
24,8,515,371,72.04%
24,9,637,403,63.27%
24,10,514,322,62.65%
24,11,463,289,62.42%
24,12,574,434,75.61%
24,13,625,388,62.08%
24,14,923,581,62.95%
24,15,555,347,62.52%
24,16,529,289,54.63%
24,17,632,371,58.70%
24,18,429,291,67.83%
24,19,393,292,74.30%
24,20,540,326,60.37%
24,21,532,273,51.32%
24,22,564,434,76.95%
24,23,574,345,60.10%
24,24,456,268,58.77%
24,25,627,462,73.68%
24,26,732,486,66.39%
24,27,389,222,57.07%
24,28,609,481,78.98%
24,29,733,460,62.76%
24,30,605,383,63.31%
24,31,599,391,65.28%
24,32,572,357,62.41%
24,33,467,290,62.10%
24,34,668,406,60.78%
24,35,748,556,74.33%
24,36,538,343,63.75%
24,37,604,383,63.41%
24,38,579,414,71.50%
24,39,566,396,69.96%
24,40,675,447,66.22%
24,41,552,358,64.86%
24,42,443,306,69.07%
24,43,829,535,64.54%
24,44,737,465,63.09%
24,45,496,349,70.36%
24,46,702,441,62.82%
24,47,496,348,70.16%
24,48,302,202,66.89%
24,49,843,584,69.28%
24,50,940,582,61.91%
24,51,858,549,63.99%
24,52,532,341,64.10%
24,53,717,378,52.72%
24,54,515,403,78.25%
24,55,693,414,59.74%
24,56,651,466,71.58%
25,1,598,403,67.39%
25,2,1000,589,58.90%
25,3,681,543,79.74%
25,4,791,557,70.42%
25,5,710,416,58.59%
25,6,558,365,65.41%
25,7,758,419,55.28%
25,8,753,453,60.16%
25,9,1013,615,60.71%
25,10,417,272,65.23%
25,11,895,525,58.66%
25,12,754,497,65.92%
25,13,885,494,55.82%
25,14,951,399,41.96%
25,15,752,417,55.45%
25,16,490,315,64.29%
25,17,1064,703,66.07%
25,18,1188,685,57.66%
25,19,991,542,54.69%
25,20,858,485,56.53%
25,21,459,356,77.56%
25,22,435,267,61.38%
25,23,814,525,64.50%
25,24,1053,626,59.45%
25,25,737,464,62.96%
25,26,578,411,71.11%
25,27,554,393,70.94%
25,28,693,510,73.59%
25,29,1384,1099,79.41%
25,30,823,477,57.96%
25,31,444,324,72.97%
26,1,384,279,72.66%
26,2,471,335,71.13%
26,3,471,298,63.27%
26,4,321,230,71.65%
26,5,514,355,69.07%
26,6,354,209,59.04%
26,7,384,257,66.93%
26,8,371,249,67.12%
26,9,360,230,63.89%
26,10,318,215,67.61%
26,11,383,252,65.80%
26,12,332,234,70.48%
26,13,330,252,76.36%
26,14,415,249,60.00%
26,15,511,289,56.56%
26,16,345,210,60.87%
26,17,333,206,61.86%
26,18,350,207,59.14%
26,19,648,483,74.54%
26,20,634,431,67.98%
26,21,623,386,61.96%
26,22,463,260,56.16%
26,23,423,246,58.16%
26,24,423,284,67.14%
26,25,194,124,63.92%
26,26,366,235,64.21%
26,27,411,287,69.83%
26,28,420,280,66.67%
26,29,502,320,63.75%
26,30,443,306,69.07%
26,31,443,273,61.63%
26,32,496,383,77.22%
26,33,247,157,63.56%
26,34,387,325,83.98%
26,35,504,355,70.44%
26,36,416,266,63.94%
26,37,293,194,66.21%
26,38,461,293,63.56%
26,39,455,286,62.86%
26,40,294,191,64.97%
26,41,381,255,66.93%
26,42,362,294,81.22%
26,43,347,231,66.57%
26,44,266,176,66.17%
26,45,494,358,72.47%
26,46,598,428,71.57%
26,47,295,193,65.42%
26,48,539,360,66.79%
26,49,341,232,68.04%
26,50,326,226,69.33%
26,51,370,301,81.35%
26,52,260,153,58.85%
26,53,395,273,69.11%
26,54,431,251,58.24%
26,55,314,186,59.24%
26,56,474,304,64.14%
26,57,379,249,65.70%
26,58,388,237,61.08%
26,59,515,291,56.50%
26,60,431,287,66.59%
26,61,312,190,60.90%
26,62,405,299,73.83%
26,63,203,127,62.56%
27,1,976,849,86.99%
27,2,634,363,57.26%
27,3,613,382,62.32%
27,4,463,339,73.22%
27,5,286,240,83.92%
27,6,360,259,71.94%
27,7,742,533,71.83%
27,8,627,398,63.48%
27,9,603,460,76.29%
27,10,659,554,84.07%
27,11,915,575,62.84%
27,12,778,660,84.83%
27,13,482,411,85.27%
27,14,827,592,71.58%
27,15,390,265,67.95%
27,16,276,231,83.70%
27,17,691,589,85.24%
27,18,674,455,67.51%
27,19,602,422,70.10%
27,20,708,649,91.67%
27,21,338,327,96.75%
27,22,658,416,63.22%
27,23,129,82,63.57%
27,24,474,375,79.11%
27,25,378,276,73.02%
27,26,426,304,71.36%
27,27,584,432,73.97%
27,28,594,493,83.00%
27,29,531,332,62.52%
27,30,326,237,72.70%
27,31,414,329,79.47%
27,32,571,374,65.50%
27,33,495,364,73.54%
27,34,454,368,81.06%
27,35,579,443,76.51%
27,36,489,342,69.94%
27,37,510,426,83.53%
27,38,557,389,69.84%
27,39,396,304,76.77%
27,40,478,353,73.85%
27,41,788,543,68.91%
27,42,465,394,84.73%
27,43,285,224,78.60%
27,44,538,353,65.61%
27,45,420,320,76.19%
27,46,421,375,89.07%
27,47,429,312,72.73%
27,48,565,432,76.46%
27,49,595,410,68.91%
27,50,674,530,78.64%
27,51,222,188,84.68%
27,52,487,341,70.02%
27,53,476,328,68.91%
27,54,847,668,78.87%
27,55,432,380,87.96%
27,56,498,375,75.30%
27,57,543,420,77.35%
27,58,287,193,67.25%
27,59,724,471,65.06%
28,1,585,431,73.68%
28,2,786,506,64.38%
28,3,451,363,80.49%
28,4,695,429,61.73%
28,5,553,368,66.55%
28,6,533,324,60.79%
28,7,582,340,58.42%
28,8,514,380,73.93%
28,9,513,307,59.84%
28,10,136,97,71.32%
28,11,507,332,65.48%
28,12,465,348,74.84%
28,13,405,312,77.04%
28,14,420,291,69.29%
28,15,506,340,67.19%
28,16,488,364,74.59%
28,17,456,286,62.72%
28,18,747,501,67.07%
28,19,621,454,73.11%
28,20,535,395,73.83%
28,21,661,482,72.92%
28,22,509,333,65.42%
28,23,610,397,65.08%
28,24,500,313,62.60%
28,25,458,296,64.63%
28,26,540,370,68.52%
28,27,643,473,73.56%
28,28,386,253,65.54%
28,29,554,352,63.54%
28,30,415,302,72.77%
28,31,539,369,68.46%
28,32,564,381,67.55%
28,33,638,438,68.65%
28,34,150,83,55.33%
28,35,494,340,68.83%
28,36,531,336,63.28%
28,37,801,551,68.79%
28,38,317,175,55.21%
28,39,550,395,71.82%
28,40,723,471,65.15%
28,41,530,412,77.74%
28,42,503,337,67.00%
28,43,679,482,70.99%
28,44,596,437,73.32%
28,45,613,443,72.27%
28,46,538,366,68.03%
28,47,704,474,67.33%
28,48,454,272,59.91%
28,49,375,309,82.40%
28,50,558,301,53.94%
28,51,609,350,57.47%
28,52,556,358,64.39%
28,53,425,244,57.41%
28,54,551,343,62.25%
28,55,518,353,68.15%
28,56,540,357,66.11%
28,57,575,336,58.43%
28,58,628,453,72.13%
28,59,359,260,72.42%
28,60,421,291,69.12%
28,61,572,305,53.32%
29,1,772,790,102.33%
29,2,621,381,61.35%
29,3,586,530,90.44%
29,4,501,428,85.43%
29,5,553,459,83.00%
29,6,417,262,62.83%
29,7,468,321,68.59%
29,8,435,335,77.01%
29,9,450,323,71.78%
29,10,349,261,74.79%
29,11,541,469,86.69%
29,12,561,504,89.84%
29,13,498,482,96.79%
29,14,562,503,89.50%
29,15,440,443,100.68%
29,16,653,585,89.59%
29,17,404,361,89.36%
29,18,692,544,78.61%
29,19,747,645,86.35%
29,20,658,539,81.91%
29,21,672,573,85.27%
29,22,597,412,69.01%
29,23,614,483,78.66%
29,24,446,339,76.01%
29,25,582,521,89.52%
29,26,487,406,83.37%
29,27,525,482,91.81%
29,28,748,618,82.62%
29,29,666,542,81.38%
29,30,380,294,77.37%
29,31,537,466,86.78%
29,32,654,377,57.65%
29,33,399,364,91.23%
29,34,497,338,68.01%
29,35,456,406,89.04%
29,36,599,569,94.99%
29,37,516,448,86.82%
29,38,523,418,79.92%
29,39,393,361,91.86%
29,40,607,593,97.69%
29,41,599,499,83.31%
29,42,720,583,80.97%
29,43,590,547,92.71%
29,44,476,377,79.20%
29,45,481,405,84.20%
29,46,475,457,96.21%
29,47,632,580,91.77%
29,48,514,444,86.38%
29,49,740,643,86.89%
30,1,426,329,77.23%
30,2,414,277,66.91%
30,3,666,460,69.07%
30,4,579,337,58.20%
30,5,513,246,47.95%
30,6,437,287,65.68%
30,7,483,304,62.94%
30,8,644,380,59.01%
30,9,525,331,63.05%
30,10,624,337,54.01%
30,11,378,252,66.67%
30,12,485,297,61.24%
30,13,479,331,69.10%
30,14,311,146,46.95%
30,15,374,299,79.95%
30,16,582,367,63.06%
30,17,365,204,55.89%
30,18,577,313,54.25%
30,19,468,260,55.56%
30,20,504,294,58.33%
30,21,758,370,48.81%
30,22,738,378,51.22%
30,23,641,373,58.19%
30,24,626,345,55.11%
30,25,466,223,47.85%
30,26,416,227,54.57%
30,27,872,480,55.05%
30,28,494,291,58.91%
30,29,386,223,57.77%
30,30,665,439,66.02%
30,31,504,257,50.99%
30,32,313,145,46.33%
30,33,611,328,53.68%
30,34,511,345,67.51%
30,35,572,329,57.52%
30,36,612,324,52.94%
30,37,477,289,60.59%
30,38,565,422,74.69%
30,39,580,353,60.86%
30,40,608,334,54.93%
30,41,603,334,55.39%
31,1,261,152,58.24%
31,2,313,217,69.33%
31,3,407,258,63.39%
31,4,453,251,55.41%
31,5,472,332,70.34%
31,6,539,279,51.76%
31,7,511,301,58.90%
31,8,351,211,60.11%
31,9,420,259,61.67%
31,10,316,162,51.27%
31,11,325,209,64.31%
31,12,463,290,62.63%
31,13,580,328,56.55%
31,14,492,277,56.30%
31,15,316,171,54.11%
31,16,396,233,58.84%
31,17,420,289,68.81%
31,18,478,255,53.35%
31,19,402,242,60.20%
31,20,457,234,51.20%
31,21,512,314,61.33%
31,22,348,211,60.63%
31,23,288,187,64.93%
31,24,380,233,61.32%
31,25,471,284,60.30%
31,26,382,220,57.59%
31,27,461,268,58.13%
31,28,442,292,66.06%
31,29,389,255,65.55%
31,30,487,316,64.89%
31,31,563,368,65.36%
31,32,463,296,63.93%
31,33,425,291,68.47%
31,34,388,230,59.28%
31,35,391,205,52.43%
31,36,485,322,66.39%
31,37,516,305,59.11%
31,38,312,177,56.73%
31,39,397,194,48.87%
31,40,306,202,66.01%
31,41,471,299,63.48%
31,42,518,332,64.09%
31,43,509,337,66.21%
31,44,491,293,59.67%
31,45,459,282,61.44%
31,46,408,266,65.20%
31,47,480,293,61.04%
31,48,476,282,59.24%
31,49,243,144,59.26%
31,50,518,328,63.32%
31,51,306,183,59.80%
32,1,775,576,74.32%
32,2,840,667,79.40%
32,3,717,535,74.62%
32,4,782,633,80.95%
32,5,580,465,80.17%
32,6,744,544,73.12%
32,7,698,562,80.52%
32,8,1021,854,83.64%
32,9,965,823,85.28%
32,10,843,631,74.85%
32,11,641,499,77.85%
32,12,460,349,75.87%
32,13,401,304,75.81%
32,14,667,497,74.51%
32,15,545,435,79.82%
32,16,698,553,79.23%
32,17,880,652,74.09%
32,18,687,554,80.64%
32,19,690,548,79.42%
32,20,731,570,77.98%
32,21,558,462,82.80%
32,22,809,684,84.55%
32,23,699,554,79.26%
32,24,935,744,79.57%
32,25,634,501,79.02%
32,26,647,451,69.71%
32,27,689,556,80.70%
32,28,583,495,84.91%
32,29,608,470,77.30%
32,30,849,717,84.45%
32,31,884,719,81.33%
32,32,765,623,81.44%
32,33,523,377,72.08%
32,34,987,735,74.47%
32,35,745,630,84.56%
32,36,869,730,84.00%
32,37,758,560,73.88%
32,38,789,685,86.82%
32,39,858,728,84.85%
32,40,785,637,81.15%
32,41,863,657,76.13%
32,42,949,755,79.56%
32,43,661,567,85.78%
32,44,530,387,73.02%
32,45,682,560,82.11%
32,46,353,221,62.61%
32,47,848,643,75.83%
32,48,1072,857,79.94%
32,49,817,572,70.01%
32,50,877,729,83.12%
32,51,806,647,80.27%
32,52,474,370,78.06%
33,1,822,588,71.53%
33,2,775,625,80.65%
33,3,716,569,79.47%
33,4,810,642,79.26%
33,5,756,526,69.58%
33,6,699,550,78.68%
33,7,697,615,88.24%
33,8,637,533,83.67%
33,9,673,573,85.14%
33,10,722,540,74.79%
33,11,749,600,80.11%
33,12,811,583,71.89%
33,13,699,561,80.26%
33,14,815,549,67.36%
33,15,846,619,73.17%
33,16,713,503,70.55%
33,17,796,571,71.73%
33,18,306,230,75.16%
33,19,863,628,72.77%
33,20,824,601,72.94%
33,21,835,614,73.53%
33,22,747,573,76.71%
33,23,756,601,79.50%
33,24,664,559,84.19%
33,25,944,708,75.00%
33,26,925,638,68.97%
33,27,737,560,75.98%
34,1,795,643,80.88%
34,2,559,399,71.38%
34,3,787,592,75.22%
34,4,954,658,68.97%
34,5,676,548,81.07%
34,6,390,303,77.69%
34,7,739,564,76.32%
34,8,756,529,69.97%
34,9,615,478,77.72%
34,10,650,481,74.00%
34,11,602,462,76.74%
34,12,755,581,76.95%
34,13,786,596,75.83%
34,14,566,474,83.75%
34,15,640,460,71.88%
34,16,604,476,78.81%
34,17,663,452,68.17%
34,18,496,345,69.56%
34,19,147,118,80.27%
34,20,829,628,75.75%
34,21,564,440,78.01%
34,22,696,503,72.27%
34,23,632,448,70.89%
34,24,635,503,79.21%
34,25,669,524,78.33%
34,26,547,396,72.39%
34,27,658,462,70.21%
34,28,463,359,77.54%
34,29,614,451,73.45%
34,30,675,524,77.63%
34,31,448,330,73.66%
34,32,362,271,74.86%
34,33,323,260,80.50%
34,34,672,524,77.98%
34,35,668,562,84.13%
34,36,703,507,72.12%
34,37,669,492,73.54%
34,38,637,457,71.74%
34,39,787,446,56.67%
34,40,683,535,78.33%
34,41,531,343,64.60%
34,42,729,554,75.99%
34,43,784,627,79.97%
34,44,655,504,76.95%
34,45,689,494,71.70%
34,46,604,480,79.47%
34,47,400,316,79.00%
34,48,694,567,81.70%
34,49,753,626,83.13%
34,50,633,481,75.99%
34,51,881,704,79.91%
34,52,606,432,71.29%
34,53,664,455,68.52%
34,54,588,455,77.38%
34,55,706,534,75.64%
34,56,391,276,70.59%
34,57,742,576,77.63%
34,58,613,450,73.41%
34,59,704,523,74.29%
34,60,717,534,74.48%
34,61,491,410,83.50%
35,1,915,561,61.31%
35,2,657,403,61.34%
35,3,745,515,69.13%
35,4,685,511,74.60%
35,5,672,464,69.05%
35,6,884,487,55.09%
35,7,781,597,76.44%
35,8,627,445,70.97%
35,9,738,544,73.71%
35,10,700,517,73.86%
35,11,943,528,55.99%
35,12,745,577,77.45%
35,13,346,188,54.34%
35,14,804,592,73.63%
35,15,658,451,68.54%
35,16,716,565,78.91%
35,17,878,610,69.48%
35,18,904,598,66.15%
35,19,673,522,77.56%
35,20,809,520,64.28%
35,21,771,479,62.13%
35,22,225,187,83.11%
35,23,556,314,56.47%
35,24,512,313,61.13%
35,25,769,572,74.38%
35,26,891,598,67.12%
35,27,761,552,72.54%
35,28,864,638,73.84%
35,29,734,576,78.47%
35,30,838,659,78.64%
35,31,439,334,76.08%
35,32,424,286,67.45%
35,33,670,427,63.73%
35,34,749,503,67.16%
35,35,740,444,60.00%
35,36,574,429,74.74%
36,1,540,389,72.04%
36,2,475,363,76.42%
36,3,646,547,84.67%
36,4,508,315,62.01%
36,5,464,307,66.16%
36,6,615,411,66.83%
36,7,425,302,71.06%
36,8,534,374,70.04%
36,9,533,382,71.67%
36,10,371,278,74.93%
36,11,633,442,69.83%
36,12,368,282,76.63%
36,13,615,498,80.98%
36,14,587,430,73.25%
36,15,657,401,61.04%
36,16,653,552,84.53%
36,17,454,330,72.69%
36,18,608,444,73.03%
36,19,748,484,64.71%
36,20,822,544,66.18%
36,21,898,631,70.27%
36,22,762,549,72.05%
36,23,223,185,82.96%
36,24,537,457,85.10%
36,25,391,279,71.36%
36,26,676,427,63.17%
36,27,303,204,67.33%
36,28,631,408,64.66%
36,29,478,347,72.59%
36,30,623,457,73.35%
36,31,597,400,67.00%
36,32,564,400,70.92%
36,33,354,307,86.72%
36,34,368,293,79.62%
36,35,590,437,74.07%
36,36,499,351,70.34%
36,37,593,368,62.06%
36,38,329,226,68.69%
36,39,543,378,69.61%
36,40,727,478,65.75%
36,41,524,355,67.75%
36,42,497,354,71.23%
36,43,493,330,66.94%
36,44,472,404,85.59%
36,45,468,386,82.48%
36,46,393,304,77.35%
36,47,389,266,68.38%
36,48,510,347,68.04%
36,49,660,512,77.58%
36,50,475,331,69.68%
36,51,534,432,80.90%
36,52,704,461,65.48%
36,53,358,268,74.86%
36,54,610,524,85.90%
36,55,631,501,79.40%
37,1,596,339,56.88%
37,2,714,486,68.07%
37,3,611,372,60.88%
37,4,814,562,69.04%
37,5,751,553,73.64%
37,6,721,553,76.70%
37,7,809,600,74.17%
37,8,760,533,70.13%
37,9,693,507,73.16%
37,10,546,435,79.67%
37,11,347,227,65.42%
37,12,636,449,70.60%
37,13,712,481,67.56%
37,14,813,614,75.52%
37,15,700,523,74.71%
37,16,656,478,72.87%
37,17,673,491,72.96%
37,18,767,526,68.58%
37,19,648,413,63.73%
37,20,726,513,70.66%
37,21,679,517,76.14%
37,22,525,380,72.38%
37,23,493,387,78.50%
37,24,729,534,73.25%
37,25,771,564,73.15%
37,26,708,553,78.11%
37,27,710,561,79.01%
37,28,707,512,72.42%
37,29,757,567,74.90%
37,30,437,315,72.08%
37,31,613,468,76.35%
37,32,759,527,69.43%
37,33,670,478,71.34%
37,34,688,508,73.84%
37,35,683,496,72.62%
37,36,703,509,72.40%
37,37,704,474,67.33%
37,38,752,575,76.46%
37,39,749,455,60.75%
37,40,656,490,74.70%
37,41,756,551,72.88%
37,42,689,428,62.12%
37,43,742,462,62.26%
38,1,606,437,72.11%
38,2,593,360,60.71%
38,3,514,308,59.92%
38,4,289,199,68.86%
38,5,857,659,76.90%
38,6,666,400,60.06%
38,7,553,443,80.11%
38,8,394,272,69.04%
38,9,503,409,81.31%
38,10,605,475,78.51%
38,11,425,294,69.18%
38,12,546,355,65.02%
38,13,523,351,67.11%
38,14,468,322,68.80%
38,15,402,273,67.91%
38,16,629,392,62.32%
38,17,448,299,66.74%
38,18,475,347,73.05%
38,19,569,410,72.06%
38,20,613,472,77.00%
38,21,647,402,62.13%
38,22,560,376,67.14%
38,23,457,282,61.71%
38,24,544,327,60.11%
38,25,590,377,63.90%
38,26,444,282,63.51%
38,27,381,255,66.93%
38,28,439,286,65.15%
38,29,537,338,62.94%
38,30,542,372,68.63%
38,31,761,491,64.52%
38,32,608,431,70.89%
38,33,513,338,65.89%
38,34,489,304,62.17%
38,35,621,458,73.75%
38,36,535,361,67.48%
38,37,695,440,63.31%
38,38,666,464,69.67%
38,39,632,411,65.03%
38,40,444,298,67.12%
38,41,633,481,75.99%
38,42,549,400,72.86%
38,43,513,374,72.90%
38,44,516,375,72.67%
38,45,675,442,65.48%
38,46,489,344,70.35%
38,47,543,369,67.96%
38,48,455,327,71.87%
38,49,586,352,60.07%
38,50,547,389,71.12%
38,51,473,298,63.00%
38,52,588,407,69.22%
38,53,178,120,67.42%
39,1,444,369,83.11%
39,2,735,542,73.74%
39,3,459,362,78.87%
39,4,352,296,84.09%
39,5,408,313,76.72%
39,6,601,434,72.21%
39,7,390,278,71.28%
39,8,678,454,66.96%
39,9,680,489,71.91%
39,10,454,331,72.91%
39,11,664,472,71.08%
39,12,773,464,60.03%
39,13,336,258,76.79%
39,14,677,492,72.67%
39,15,468,350,74.79%
39,16,610,406,66.56%
39,17,608,391,64.31%
39,18,651,481,73.89%
39,19,420,279,66.43%
39,20,424,350,82.55%
39,21,406,289,71.18%
39,22,777,521,67.05%
39,23,267,217,81.27%
39,24,737,466,63.23%
39,25,803,492,61.27%
39,26,543,396,72.93%
39,27,515,402,78.06%
39,28,659,486,73.75%
39,29,589,436,74.02%
39,30,499,293,58.72%
39,31,492,340,69.11%
39,32,500,348,69.60%
39,33,764,527,68.98%
39,34,775,544,70.19%
39,35,738,540,73.17%
39,36,518,331,63.90%
39,37,613,505,82.38%
39,38,481,396,82.33%
39,39,242,171,70.66%
39,40,413,291,70.46%
39,41,261,174,66.67%
39,42,415,341,82.17%
39,43,840,601,71.55%
39,44,982,654,66.60%
39,45,490,282,57.55%
39,46,576,384,66.67%
39,47,395,271,68.61%
40,1,527,348,66.03%
40,2,431,325,75.41%
40,3,551,474,86.03%
40,4,470,377,80.21%
40,5,632,484,76.58%
40,6,558,481,86.20%
40,7,543,469,86.37%
40,8,185,133,71.89%
40,9,547,402,73.49%
40,10,628,426,67.83%
40,11,469,408,86.99%
40,12,374,303,81.02%
40,13,595,518,87.06%
40,14,693,540,77.92%
40,15,606,440,72.61%
40,16,522,444,85.06%
40,17,286,200,69.93%
40,18,710,529,74.51%
40,19,610,400,65.57%
40,20,478,362,75.73%
40,21,487,384,78.85%
40,22,354,289,81.64%
40,23,726,620,85.40%
40,24,475,321,67.58%
40,25,470,348,74.04%
40,26,542,438,80.81%
40,27,471,361,76.65%
40,28,676,524,77.51%
40,29,502,388,77.29%
40,30,482,395,81.95%
40,31,433,327,75.52%
40,32,414,268,64.73%
40,33,573,448,78.18%
40,34,407,292,71.74%
40,35,600,468,78.00%
40,36,684,516,75.44%
40,37,453,325,71.74%
40,38,370,259,70.00%
40,39,512,366,71.48%
40,40,307,267,86.97%
40,41,642,553,86.14%
40,42,614,508,82.74%
40,43,630,493,78.25%
40,44,497,349,70.22%
40,45,848,628,74.06%
40,46,605,511,84.46%
40,47,502,426,84.86%
40,48,463,339,73.22%
40,49,438,320,73.06%
41,1,728,553,75.96%
41,2,695,556,80.00%
41,3,740,535,72.30%
41,4,715,560,78.32%
41,5,868,676,77.88%
41,6,545,436,80.00%
41,7,752,590,78.46%
41,8,723,538,74.41%
41,9,810,561,69.26%
41,10,552,420,76.09%
41,11,766,557,72.72%
41,12,732,490,66.94%
41,13,446,306,68.61%
41,14,558,476,85.30%
41,15,820,592,72.20%
41,16,713,536,75.18%
41,17,771,514,66.67%
41,18,802,500,62.34%
41,19,671,524,78.09%
41,20,721,539,74.76%
41,21,776,558,71.91%
41,22,630,464,73.65%
41,23,626,432,69.01%
41,24,758,505,66.62%
41,25,611,381,62.36%
41,26,369,237,64.23%
41,27,370,226,61.08%
41,28,805,567,70.43%
41,29,591,362,61.25%
41,30,805,610,75.78%
41,31,731,556,76.06%
41,32,535,400,74.77%
41,33,513,409,79.73%
41,34,544,425,78.13%
41,35,711,543,76.37%
41,36,697,510,73.17%
41,37,689,556,80.70%
41,38,732,514,70.22%
41,39,514,373,72.57%
41,40,684,539,78.80%
41,41,716,553,77.23%
41,42,717,581,81.03%
41,43,724,536,74.03%
41,44,618,477,77.18%
41,45,675,508,75.26%
41,46,494,379,76.72%
41,47,492,414,84.15%
41,48,647,392,60.59%
41,49,706,585,82.86%
41,50,805,544,67.58%
41,51,502,366,72.91%
41,52,794,623,78.46%
41,53,707,505,71.43%
41,54,416,351,84.38%
41,55,605,496,81.98%
41,56,712,576,80.90%
41,57,596,434,72.82%
42,1,706,605,85.69%
42,2,574,433,75.44%
42,3,774,625,80.75%
42,4,563,491,87.21%
42,5,427,386,90.40%
42,6,787,659,83.74%
42,7,605,490,80.99%
42,8,749,618,82.51%
42,9,1806,1382,76.52%
42,10,443,367,82.84%
42,11,610,517,84.75%
42,12,444,369,83.11%
42,13,713,599,84.01%
42,14,815,638,78.28%
42,15,616,523,84.90%
42,16,419,353,84.25%
42,17,1220,924,75.74%
42,18,1375,1144,83.20%
42,19,415,334,80.48%
42,20,557,424,76.12%
42,21,563,458,81.35%
42,22,800,624,78.00%
42,23,634,516,81.39%
42,24,733,620,84.58%
42,25,543,429,79.01%
42,26,636,485,76.26%
42,27,704,556,78.98%
42,28,523,446,85.28%
42,29,622,498,80.06%
42,30,484,385,79.55%
42,31,629,522,82.99%
42,32,631,513,81.30%
42,33,575,528,91.83%
42,34,525,453,86.29%
42,35,423,356,84.16%
42,36,671,527,78.54%
42,37,505,401,79.41%
42,38,475,394,82.95%
42,39,382,248,64.92%
42,40,578,469,81.14%
42,41,1058,867,81.95%
42,42,401,316,78.80%
42,43,514,412,80.16%
42,44,990,793,80.10%
42,45,555,472,85.05%
42,46,777,518,66.67%
42,47,338,284,84.02%
42,48,573,447,78.01%
42,49,444,280,63.06%
42,50,723,614,84.92%
42,51,757,641,84.68%
42,52,299,267,89.30%
42,53,724,599,82.73%
42,54,517,438,84.72%
42,55,743,615,82.77%
42,56,987,821,83.18%
42,57,637,501,78.65%
42,58,637,498,78.18%
42,59,1117,875,78.33%
42,60,466,370,79.40%
42,61,459,362,78.87%
42,62,341,280,82.11%
42,63,457,402,87.96%
42,64,312,238,76.28%
42,65,750,573,76.40%
42,66,709,555,78.28%
42,67,1447,1220,84.31%
42,68,845,679,80.36%
42,69,643,499,77.60%
43,1,750,617,82.27%
43,2,760,633,83.29%
43,3,665,576,86.62%
43,4,832,719,86.42%
43,5,659,549,83.31%
43,6,634,478,75.39%
43,7,743,587,79.00%
43,8,799,653,81.73%
43,9,695,600,86.33%
43,10,757,605,79.92%
43,11,610,518,84.92%
43,12,810,702,86.67%
43,13,424,357,84.20%
43,14,448,366,81.70%
43,15,510,450,88.24%
43,16,605,509,84.13%
43,17,768,657,85.55%
43,18,677,565,83.46%
43,19,694,537,77.38%
43,20,703,579,82.36%
43,21,717,590,82.29%
43,22,692,576,83.24%
43,23,481,427,88.77%
43,24,767,625,81.49%
43,25,616,520,84.42%
43,26,430,400,93.02%
43,27,544,456,83.82%
43,28,729,596,81.76%
43,29,673,541,80.39%
43,30,601,487,81.03%
43,31,778,654,84.06%
43,32,601,517,86.02%
43,33,665,538,80.90%
43,34,540,422,78.15%
43,35,682,575,84.31%
43,36,639,530,82.94%
43,37,666,576,86.49%
43,38,658,541,82.22%
43,39,421,358,85.04%
43,40,264,227,85.98%
43,41,442,362,81.90%
43,42,458,382,83.41%
43,43,722,482,66.76%
43,44,831,683,82.19%
43,45,258,201,77.91%
43,46,652,516,79.14%
43,47,589,474,80.48%
43,48,849,609,71.73%
43,49,621,524,84.38%
43,50,562,469,83.45%
43,51,750,574,76.53%
43,52,661,547,82.75%
43,53,735,584,79.46%
43,54,549,465,84.70%
43,55,564,463,82.09%
43,56,625,491,78.56%
43,57,735,543,73.88%
43,58,569,483,84.89%
43,59,490,425,86.73%
44,1,464,413,89.01%
44,2,429,391,91.14%
44,3,502,430,85.66%
44,4,572,458,80.07%
44,5,904,718,79.42%
44,6,895,743,83.02%
44,7,590,519,87.97%
44,8,490,367,74.90%
44,9,674,595,88.28%
44,10,702,545,77.64%
44,11,775,664,85.68%
44,12,474,413,87.13%
44,13,518,451,87.07%
44,14,756,591,78.17%
44,15,846,686,81.09%
44,16,817,713,87.27%
44,17,692,587,84.83%
44,18,655,531,81.07%
44,19,462,421,91.13%
44,20,873,726,83.16%
44,21,1015,816,80.39%
44,22,727,579,79.64%
44,23,748,632,84.49%
44,24,572,509,88.99%
44,25,805,717,89.07%
44,26,689,584,84.76%
44,27,959,820,85.51%
44,28,647,531,82.07%
44,29,957,803,83.91%
44,30,672,553,82.29%
44,31,935,761,81.39%
44,32,530,448,84.53%
44,33,921,803,87.19%
44,34,511,449,87.87%
44,35,514,432,84.05%
44,36,890,756,84.94%
44,37,814,692,85.01%
44,38,858,676,78.79%
44,39,920,776,84.35%
44,40,837,698,83.39%
44,41,700,601,85.86%
44,42,998,804,80.56%
44,43,905,799,88.29%
44,44,809,677,83.68%
44,45,939,804,85.62%
44,46,459,420,91.50%
44,47,1084,902,83.21%
44,48,362,321,88.67%
44,49,877,759,86.55%
44,50,858,722,84.15%
44,51,692,567,81.94%
45,1,579,389,67.18%
45,2,671,495,73.77%
45,3,594,439,73.91%
45,4,696,546,78.45%
45,5,622,495,79.58%
45,6,625,445,71.20%
45,7,665,490,73.68%
45,8,568,372,65.49%
45,9,666,478,71.77%
45,10,823,576,69.99%
45,11,590,428,72.54%
45,12,630,484,76.83%
45,13,673,482,71.62%
45,14,773,512,66.24%
45,15,648,467,72.07%
45,16,648,485,74.85%
45,17,530,368,69.43%
45,18,527,406,77.04%
45,19,548,438,79.93%
45,20,625,426,68.16%
45,21,612,438,71.57%
45,22,612,431,70.42%
45,23,615,462,75.12%
45,24,723,542,74.97%
45,25,654,471,72.02%
45,26,627,474,75.60%
45,27,584,404,69.18%
45,28,603,413,68.49%
45,29,707,534,75.53%
45,30,585,432,73.85%
45,31,679,503,74.08%
45,32,479,308,64.30%
45,33,557,385,69.12%
45,34,514,349,67.90%
45,35,600,450,75.00%
45,36,463,393,84.88%
45,37,729,502,68.86%
45,38,684,514,75.15%
45,39,648,500,77.16%
45,40,646,477,73.84%
45,41,475,323,68.00%
45,42,535,389,72.71%
45,43,602,393,65.28%
45,44,601,458,76.21%
45,45,534,363,67.98%
45,46,620,451,72.74%
45,47,638,450,70.53%
45,48,598,448,74.92%
45,49,530,403,76.04%
45,50,613,404,65.91%
45,51,632,441,69.78%
45,52,573,410,71.55%
45,53,485,357,73.61%
46,1,815,700,85.89%
46,2,692,569,82.23%
46,3,795,649,81.64%
46,4,776,537,69.20%
46,5,712,538,75.56%
46,6,888,664,74.77%
46,7,476,410,86.13%
46,8,842,614,72.92%
46,9,731,609,83.31%
46,10,630,502,79.68%
46,11,817,598,73.19%
46,12,734,613,83.51%
46,13,781,637,81.56%
46,14,626,489,78.12%
46,15,710,613,86.34%
46,16,571,489,85.64%
46,17,778,634,81.49%
46,18,640,548,85.63%
46,19,786,660,83.97%
46,20,607,464,76.44%
46,21,317,248,78.23%
46,22,764,484,63.35%
46,23,571,439,76.88%
46,24,788,592,75.13%
46,25,958,709,74.01%
46,26,839,585,69.73%
46,27,944,759,80.40%
46,28,843,716,84.93%
46,29,515,438,85.05%
46,30,722,565,78.25%
46,31,663,590,88.99%
46,32,762,431,56.56%
46,33,753,609,80.88%
46,34,798,620,77.69%
46,35,843,628,74.50%
46,36,616,498,80.84%
46,37,547,461,84.28%
46,38,714,466,65.27%
46,39,734,616,83.92%
46,40,707,446,63.08%
46,41,850,580,68.24%
46,42,824,586,71.12%
46,43,889,705,79.30%
46,44,690,541,78.41%
46,45,754,595,78.91%
46,46,619,462,74.64%
46,47,522,307,58.81%
47,1,740,661,89.32%
47,2,446,388,87.00%
47,3,463,414,89.42%
47,4,599,532,88.81%
47,5,686,579,84.40%
47,6,635,575,90.55%
47,7,627,530,84.53%
47,8,801,637,79.53%
47,9,431,377,87.47%
47,10,517,491,94.97%
47,11,1002,888,88.62%
47,12,612,527,86.11%
47,13,692,661,95.52%
47,14,520,415,79.81%
47,15,728,619,85.03%
47,16,562,477,84.88%
47,17,628,508,80.89%
47,18,706,624,88.39%
47,19,645,560,86.82%
47,20,746,623,83.51%
47,21,587,522,88.93%
47,22,584,512,87.67%
47,23,319,288,90.28%
47,24,860,727,84.53%
47,25,872,723,82.91%
47,26,1092,963,88.19%
47,27,645,571,88.53%
47,28,785,679,86.50%
47,29,768,630,82.03%
47,30,813,640,78.72%
47,31,696,599,86.06%
47,32,741,626,84.48%
47,33,625,525,84.00%
47,34,800,678,84.75%
47,35,911,814,89.35%
47,36,1017,895,88.00%
47,37,809,754,93.20%
47,38,710,655,92.25%
47,39,644,600,93.17%
47,40,641,561,87.52%
47,41,1085,923,85.07%
47,42,585,498,85.13%
47,43,469,405,86.35%
47,44,818,655,80.07%
47,45,646,563,87.15%
47,46,553,461,83.36%
47,47,602,531,88.21%
47,48,84,72,85.71%
47,49,498,385,77.31%
47,50,694,584,84.15%
47,51,391,338,86.45%
47,52,248,216,87.10%
48,1,681,543,79.74%
48,2,489,392,80.16%
48,3,910,734,80.66%
48,4,769,572,74.38%
48,5,438,375,85.62%
48,6,872,629,72.13%
48,7,503,415,82.50%
48,8,440,355,80.68%
48,9,537,426,79.33%
48,10,414,344,83.09%
48,11,656,533,81.25%
48,12,652,527,80.83%
48,13,502,399,79.48%
48,14,820,564,68.78%
48,15,587,416,70.87%
48,16,585,485,82.91%
48,17,706,603,85.41%
48,18,568,393,69.19%
48,19,500,392,78.40%
48,20,332,269,81.02%
48,21,709,539,76.02%
48,22,606,522,86.14%
48,23,552,389,70.47%
48,24,681,440,64.61%
48,25,651,509,78.19%
48,26,614,501,81.60%
48,27,430,310,72.09%
48,28,415,340,81.93%
48,29,418,315,75.36%
48,30,492,425,86.38%
48,31,651,460,70.66%
48,32,599,468,78.13%
48,33,379,321,84.70%
48,34,812,582,71.67%
48,35,393,226,57.51%
48,36,419,352,84.01%
48,37,573,459,80.10%
48,38,549,460,83.79%
48,39,453,376,83.00%
48,40,501,375,74.85%
48,41,522,409,78.35%
48,42,472,393,83.26%
48,43,724,613,84.67%
48,44,715,569,79.58%
48,45,523,405,77.44%
48,46,487,396,81.31%
48,47,688,515,74.85%
48,48,583,475,81.48%
48,49,350,247,70.57%
48,50,601,507,84.36%
48,51,635,558,87.87%
48,52,577,412,71.40%
48,53,424,279,65.80%
48,54,657,470,71.54%
49,1,729,531,72.84%
49,2,754,595,78.91%
49,3,379,321,84.70%
49,4,352,261,74.15%
49,5,674,501,74.33%
49,6,623,536,86.04%
49,7,456,376,82.46%
49,8,614,517,84.20%
49,9,498,395,79.32%
49,10,497,404,81.29%
49,11,497,352,70.82%
49,12,622,507,81.51%
49,13,617,535,86.71%
49,14,526,441,83.84%
49,15,698,458,65.62%
49,16,472,366,77.54%
49,17,276,185,67.03%
49,18,347,290,83.57%
49,19,687,424,61.72%
49,20,795,555,69.81%
49,21,208,174,83.65%
49,22,516,387,75.00%
49,23,569,444,78.03%
49,24,592,451,76.18%
49,25,609,539,88.51%
49,26,626,493,78.75%
49,27,906,768,84.77%
49,28,499,370,74.15%
49,29,691,584,84.52%
49,30,566,503,88.87%
49,31,439,370,84.28%
49,32,412,336,81.55%
49,33,435,367,84.37%
49,34,668,492,73.65%
49,35,649,544,83.82%
49,36,796,716,89.95%
49,37,817,698,85.43%
49,38,536,423,78.92%
49,39,629,479,76.15%
49,40,510,408,80.00%
49,41,557,448,80.43%
49,42,710,561,79.01%
50,1,681,530,77.83%
50,2,751,543,72.30%
50,3,529,416,78.64%
50,4,613,452,73.74%
50,5,668,504,75.45%
50,6,453,315,69.54%
50,7,583,461,79.07%
50,8,700,428,61.14%
50,9,598,391,65.38%
50,10,588,407,69.22%
50,11,584,464,79.45%
50,12,298,240,80.54%
50,13,915,569,62.19%
50,14,228,187,82.02%
50,15,580,483,83.28%
50,16,238,205,86.13%
50,17,754,440,58.36%
50,18,602,393,65.28%
50,19,665,419,63.01%
50,20,606,444,73.27%
50,21,583,443,75.99%
50,22,879,633,72.01%
50,23,598,387,64.72%
50,24,874,575,65.79%
50,25,666,445,66.82%
50,26,725,416,57.38%
50,27,202,156,77.23%
50,28,694,453,65.27%
50,29,724,490,67.68%
50,30,568,378,66.55%
50,31,184,145,78.80%
50,32,771,531,68.87%
50,33,593,414,69.81%
50,34,679,425,62.59%
50,35,662,518,78.25%
50,36,600,441,73.50%
50,37,627,468,74.64%
50,38,268,240,89.55%
50,39,608,401,65.95%
50,40,719,544,75.66%
50,41,691,534,77.28%
50,42,527,400,75.90%
50,43,792,526,66.41%
50,44,530,365,68.87%
50,45,336,231,68.75%
